run_id	mode	scenario	p95_ns	p99_ns
29150501304	pipeline	1k_lines_20_visible_overscan_0	2557	2861
29150501304	pipeline	100k_lines_80_visible_overscan_5	10593	11765
29150501304	pipeline	1m_lines_200_visible_overscan_50	34449	37167
29150501304	variable_height	1k_lines_20_visible_overscan_0	484	496
29150501304	variable_height	100k_lines_80_visible_overscan_5	1747	2081
29150501304	variable_height	1m_lines_200_visible_overscan_50	5545	6223
29150501304	variable_height_mutation	1k_lines_20_visible_overscan_0	796	826
29150501304	variable_height_mutation	100k_lines_80_visible_overscan_5	2812	3138
29150501304	variable_height_mutation	1m_lines_200_visible_overscan_50	9887	10568
29150501304	structural_mutation	1k_lines_20_visible_overscan_0	1988	2097
29150501304	structural_mutation	100k_lines_80_visible_overscan_5	8456	9438
29150501304	structural_mutation	1m_lines_200_visible_overscan_50	33865	35269
29150501304	bulk_structural_mutation	1k_lines_batch_64	6143	6827
29150501304	bulk_structural_mutation	100k_lines_batch_64	15400	16761
29150501304	bulk_structural_mutation	1m_lines_batch_64	52890	56906
29150501304	bulk_structural_mutation	100k_lines_batch_4096	246428	270423
29150501304	bulk_structural_mutation	1m_lines_batch_4096	550231	570623
29150501304	line_query	uniform_1k	24	64
29150501304	line_query	uniform_100k	34	65
29150501304	line_query	uniform_1m	39	69
29150501304	line_query	balanced_tree_100k	222	237
29150501304	line_query	balanced_tree_1m	253	263
29150501304	line_geometry_query	uniform_1k	57	84
29150501304	line_geometry_query	uniform_100k	42	73
29150501304	line_geometry_query	uniform_1m	47	77
29150501304	line_geometry_query	balanced_tree_100k	368	376
29150501304	line_geometry_query	balanced_tree_1m	422	442
29150501304	column_query	uniform_1k	24	43
29150501304	column_query	uniform_100k	35	65
29150501304	column_query	uniform_1m	40	72
29150501304	column_query	prefixsum_100k	77	115
29150501304	column_query	prefixsum_1m	72	122
29150501304	column_geometry_query	uniform_1k	32	63
29150501304	column_geometry_query	uniform_100k	43	73
29150501304	column_geometry_query	uniform_1m	48	78
29150501304	column_geometry_query	prefixsum_100k	104	146
29150501304	column_geometry_query	prefixsum_1m	122	159
29150235152	pipeline	1k_lines_20_visible_overscan_0	2534	2702
29150235152	pipeline	100k_lines_80_visible_overscan_5	10514	10801
29150235152	pipeline	1m_lines_200_visible_overscan_50	34237	35160
29150235152	variable_height	1k_lines_20_visible_overscan_0	502	558
29150235152	variable_height	100k_lines_80_visible_overscan_5	1755	1813
29150235152	variable_height	1m_lines_200_visible_overscan_50	5563	5720
29150235152	variable_height_mutation	1k_lines_20_visible_overscan_0	777	807
29150235152	variable_height_mutation	100k_lines_80_visible_overscan_5	2824	4654
29150235152	variable_height_mutation	1m_lines_200_visible_overscan_50	9531	10709
29150235152	structural_mutation	1k_lines_20_visible_overscan_0	2008	2175
29150235152	structural_mutation	100k_lines_80_visible_overscan_5	8540	8676
29150235152	structural_mutation	1m_lines_200_visible_overscan_50	34383	35356
29150235152	bulk_structural_mutation	1k_lines_batch_64	6350	6461
29150235152	bulk_structural_mutation	100k_lines_batch_64	15999	16870
29150235152	bulk_structural_mutation	1m_lines_batch_64	58471	59865
29150235152	bulk_structural_mutation	100k_lines_batch_4096	177980	213847
29150235152	bulk_structural_mutation	1m_lines_batch_4096	399133	413339
29150235152	line_query	uniform_1k	23	55
29150235152	line_query	uniform_100k	34	65
29150235152	line_query	uniform_1m	39	70
29150235152	line_query	balanced_tree_100k	239	313
29150235152	line_query	balanced_tree_1m	252	272
29150235152	line_geometry_query	uniform_1k	34	63
29150235152	line_geometry_query	uniform_100k	42	73
29150235152	line_geometry_query	uniform_1m	73	82
29150235152	line_geometry_query	balanced_tree_100k	369	390
29150235152	line_geometry_query	balanced_tree_1m	426	528
29150235152	column_query	uniform_1k	24	58
29150235152	column_query	uniform_100k	35	69
29150235152	column_query	uniform_1m	40	72
29150235152	column_query	prefixsum_100k	89	121
29150235152	column_query	prefixsum_1m	121	163
29150235152	column_geometry_query	uniform_1k	32	65
29150235152	column_geometry_query	uniform_100k	43	74
29150235152	column_geometry_query	uniform_1m	48	79
29150235152	column_geometry_query	prefixsum_100k	116	150
29150235152	column_geometry_query	prefixsum_1m	143	176
29145425255	pipeline	1k_lines_20_visible_overscan_0	2691	2829
29145425255	pipeline	100k_lines_80_visible_overscan_5	11295	11618
29145425255	pipeline	1m_lines_200_visible_overscan_50	36801	37726
29145425255	variable_height	1k_lines_20_visible_overscan_0	560	686
29145425255	variable_height	100k_lines_80_visible_overscan_5	2013	2105
29145425255	variable_height	1m_lines_200_visible_overscan_50	6649	6751
29145425255	variable_height_mutation	1k_lines_20_visible_overscan_0	835	869
29145425255	variable_height_mutation	100k_lines_80_visible_overscan_5	3171	3504
29145425255	variable_height_mutation	1m_lines_200_visible_overscan_50	10132	10574
29145425255	structural_mutation	1k_lines_20_visible_overscan_0	2003	2067
29145425255	structural_mutation	100k_lines_80_visible_overscan_5	8984	9242
29145425255	structural_mutation	1m_lines_200_visible_overscan_50	37028	40035
29145425255	bulk_structural_mutation	1k_lines_batch_64	6774	6922
29145425255	bulk_structural_mutation	100k_lines_batch_64	17025	17229
29145425255	bulk_structural_mutation	1m_lines_batch_64	63195	67838
29145425255	bulk_structural_mutation	100k_lines_batch_4096	184313	189760
29145425255	bulk_structural_mutation	1m_lines_batch_4096	337621	440888
29145425255	line_query	uniform_1k	26	40
29145425255	line_query	uniform_100k	38	67
29145425255	line_query	uniform_1m	43	73
29145425255	line_query	balanced_tree_100k	130	162
29145425255	line_query	balanced_tree_1m	204	224
29145425255	line_geometry_query	uniform_1k	33	61
29145425255	line_geometry_query	uniform_100k	44	74
29145425255	line_geometry_query	uniform_1m	50	81
29145425255	line_geometry_query	balanced_tree_100k	242	278
29145425255	line_geometry_query	balanced_tree_1m	312	364
29145425255	column_query	uniform_1k	26	36
29145425255	column_query	uniform_100k	55	173
29145425255	column_query	uniform_1m	54	76
29145425255	column_query	prefixsum_100k	57	94
29145425255	column_query	prefixsum_1m	64	96
29145425255	column_geometry_query	uniform_1k	34	64
29145425255	column_geometry_query	uniform_100k	46	76
29145425255	column_geometry_query	uniform_1m	52	81
29145425255	column_geometry_query	prefixsum_100k	105	134
29145425255	column_geometry_query	prefixsum_1m	89	130
29110714042	pipeline	1k_lines_20_visible_overscan_0	2679	2864
29110714042	pipeline	100k_lines_80_visible_overscan_5	11239	11536
29110714042	pipeline	1m_lines_200_visible_overscan_50	36642	38087
29110714042	variable_height	1k_lines_20_visible_overscan_0	489	508
29110714042	variable_height	100k_lines_80_visible_overscan_5	1700	1752
29110714042	variable_height	1m_lines_200_visible_overscan_50	5489	5590
29110714042	variable_height_mutation	1k_lines_20_visible_overscan_0	817	850
29110714042	variable_height_mutation	100k_lines_80_visible_overscan_5	3084	3164
29110714042	variable_height_mutation	1m_lines_200_visible_overscan_50	11408	11580
29110714042	structural_mutation	1k_lines_20_visible_overscan_0	1977	2544
29110714042	structural_mutation	100k_lines_80_visible_overscan_5	9675	9978
29110714042	structural_mutation	1m_lines_200_visible_overscan_50	36830	42627
29110714042	bulk_structural_mutation	1k_lines_batch_64	6455	6550
29110714042	bulk_structural_mutation	100k_lines_batch_64	17799	18336
29110714042	bulk_structural_mutation	1m_lines_batch_64	63350	70210
29110714042	bulk_structural_mutation	100k_lines_batch_4096	185088	190155
29110714042	bulk_structural_mutation	1m_lines_batch_4096	363437	425713
29110714042	line_query	uniform_1k	26	42
29110714042	line_query	uniform_100k	37	67
29110714042	line_query	uniform_1m	43	73
29110714042	line_query	balanced_tree_100k	157	197
29110714042	line_query	balanced_tree_1m	199	221
29110714042	line_geometry_query	uniform_1k	33	62
29110714042	line_geometry_query	uniform_100k	44	74
29110714042	line_geometry_query	uniform_1m	50	81
29110714042	line_geometry_query	balanced_tree_100k	261	370
29110714042	line_geometry_query	balanced_tree_1m	322	368
29110714042	column_query	uniform_1k	26	39
29110714042	column_query	uniform_100k	39	69
29110714042	column_query	uniform_1m	44	77
29110714042	column_query	prefixsum_100k	55	89
29110714042	column_query	prefixsum_1m	64	96
29110714042	column_geometry_query	uniform_1k	34	63
29110714042	column_geometry_query	uniform_100k	46	75
29110714042	column_geometry_query	uniform_1m	52	84
29110714042	column_geometry_query	prefixsum_100k	67	105
29110714042	column_geometry_query	prefixsum_1m	74	109
29108998305	pipeline	1k_lines_20_visible_overscan_0	2540	2973
29108998305	pipeline	100k_lines_80_visible_overscan_5	10356	10542
29108998305	pipeline	1m_lines_200_visible_overscan_50	33874	34590
29108998305	variable_height	1k_lines_20_visible_overscan_0	498	548
29108998305	variable_height	100k_lines_80_visible_overscan_5	1735	2023
29108998305	variable_height	1m_lines_200_visible_overscan_50	5402	5520
29108998305	variable_height_mutation	1k_lines_20_visible_overscan_0	790	821
29108998305	variable_height_mutation	100k_lines_80_visible_overscan_5	2940	3008
29108998305	variable_height_mutation	1m_lines_200_visible_overscan_50	10492	10682
29108998305	structural_mutation	1k_lines_20_visible_overscan_0	2016	2132
29108998305	structural_mutation	100k_lines_80_visible_overscan_5	8196	8321
29108998305	structural_mutation	1m_lines_200_visible_overscan_50	28416	29974
29108998305	bulk_structural_mutation	1k_lines_batch_64	6231	6360
29108998305	bulk_structural_mutation	100k_lines_batch_64	15235	15622
29108998305	bulk_structural_mutation	1m_lines_batch_64	50507	55289
29108998305	bulk_structural_mutation	100k_lines_batch_4096	169641	183467
29108998305	bulk_structural_mutation	1m_lines_batch_4096	390009	450704
29108998305	line_query	uniform_1k	23	52
29108998305	line_query	uniform_100k	34	64
29108998305	line_query	uniform_1m	61	79
29108998305	line_query	balanced_tree_100k	212	246
29108998305	line_query	balanced_tree_1m	251	256
29108998305	line_geometry_query	uniform_1k	31	62
29108998305	line_geometry_query	uniform_100k	42	73
29108998305	line_geometry_query	uniform_1m	47	79
29108998305	line_geometry_query	balanced_tree_100k	371	383
29108998305	line_geometry_query	balanced_tree_1m	427	458
29108998305	column_query	uniform_1k	24	54
29108998305	column_query	uniform_100k	35	66
29108998305	column_query	uniform_1m	40	70
29108998305	column_query	prefixsum_100k	59	105
29108998305	column_query	prefixsum_1m	71	110
29108998305	column_geometry_query	uniform_1k	32	63
29108998305	column_geometry_query	uniform_100k	43	73
29108998305	column_geometry_query	uniform_1m	48	79
29108998305	column_geometry_query	prefixsum_100k	70	106
29108998305	column_geometry_query	prefixsum_1m	82	121
28956968583	pipeline	1k_lines_20_visible_overscan_0	2577	2828
28956968583	pipeline	100k_lines_80_visible_overscan_5	10610	10857
28956968583	pipeline	1m_lines_200_visible_overscan_50	34545	35565
28956968583	variable_height	1k_lines_20_visible_overscan_0	517	592
28956968583	variable_height	100k_lines_80_visible_overscan_5	1765	1864
28956968583	variable_height	1m_lines_200_visible_overscan_50	5504	5649
28956968583	variable_height_mutation	1k_lines_20_visible_overscan_0	794	826
28956968583	variable_height_mutation	100k_lines_80_visible_overscan_5	2911	2992
28956968583	variable_height_mutation	1m_lines_200_visible_overscan_50	10559	10740
28956968583	structural_mutation	1k_lines_20_visible_overscan_0	1998	2093
28956968583	structural_mutation	100k_lines_80_visible_overscan_5	8289	8415
28956968583	structural_mutation	1m_lines_200_visible_overscan_50	33545	35007
28956968583	bulk_structural_mutation	1k_lines_batch_64	6379	6822
28956968583	bulk_structural_mutation	100k_lines_batch_64	15267	15661
28956968583	bulk_structural_mutation	1m_lines_batch_64	51236	54444
28956968583	bulk_structural_mutation	100k_lines_batch_4096	163534	168261
28956968583	bulk_structural_mutation	1m_lines_batch_4096	347773	389663
28956968583	line_query	uniform_1k	23	51
28956968583	line_query	uniform_100k	34	64
28956968583	line_query	uniform_1m	42	70
28956968583	line_query	balanced_tree_100k	212	234
28956968583	line_query	balanced_tree_1m	253	262
28956968583	line_geometry_query	uniform_1k	31	64
28956968583	line_geometry_query	uniform_100k	42	73
28956968583	line_geometry_query	uniform_1m	47	79
28956968583	line_geometry_query	balanced_tree_100k	362	371
28956968583	line_geometry_query	balanced_tree_1m	427	451
28956968583	column_query	uniform_1k	24	54
28956968583	column_query	uniform_100k	37	72
28956968583	column_query	uniform_1m	40	71
28956968583	column_query	prefixsum_100k	60	95
28956968583	column_query	prefixsum_1m	73	115
28893267949	pipeline	1k_lines_20_visible_overscan_0	2693	2857
28893267949	pipeline	100k_lines_80_visible_overscan_5	11249	11437
28893267949	pipeline	1m_lines_200_visible_overscan_50	36748	37606
28893267949	variable_height	1k_lines_20_visible_overscan_0	464	512
28893267949	variable_height	100k_lines_80_visible_overscan_5	1699	1757
28893267949	variable_height	1m_lines_200_visible_overscan_50	5522	5584
28893267949	variable_height_mutation	1k_lines_20_visible_overscan_0	830	871
28893267949	variable_height_mutation	100k_lines_80_visible_overscan_5	3135	3198
28893267949	variable_height_mutation	1m_lines_200_visible_overscan_50	10798	11013
28893267949	structural_mutation	1k_lines_20_visible_overscan_0	2012	2053
28893267949	structural_mutation	100k_lines_80_visible_overscan_5	9526	9814
28893267949	structural_mutation	1m_lines_200_visible_overscan_50	35973	37244
28893267949	bulk_structural_mutation	1k_lines_batch_64	6508	6624
28893267949	bulk_structural_mutation	100k_lines_batch_64	17710	18004
28893267949	bulk_structural_mutation	1m_lines_batch_64	70337	74440
28893267949	bulk_structural_mutation	100k_lines_batch_4096	184764	192108
28893267949	bulk_structural_mutation	1m_lines_batch_4096	370373	407841
28893267949	line_query	uniform_1k	26	36
28893267949	line_query	uniform_100k	37	67
28893267949	line_query	uniform_1m	43	73
28893267949	line_query	balanced_tree_100k	135	167
28893267949	line_query	balanced_tree_1m	199	217
28893267949	line_geometry_query	uniform_1k	33	56
28893267949	line_geometry_query	uniform_100k	45	75
28893267949	line_geometry_query	uniform_1m	50	80
28893267949	line_geometry_query	balanced_tree_100k	252	311
28893267949	line_geometry_query	balanced_tree_1m	314	359
28893267949	column_query	uniform_1k	26	43
28893267949	column_query	uniform_100k	38	67
28893267949	column_query	uniform_1m	44	73
28893267949	column_query	prefixsum_100k	55	86
28893267949	column_query	prefixsum_1m	62	93
28819411144	pipeline	1k_lines_20_visible_overscan_0	2502	2689
28819411144	pipeline	100k_lines_80_visible_overscan_5	10474	10700
28819411144	pipeline	1m_lines_200_visible_overscan_50	34155	34777
28819411144	variable_height	1k_lines_20_visible_overscan_0	513	530
28819411144	variable_height	100k_lines_80_visible_overscan_5	1727	1852
28819411144	variable_height	1m_lines_200_visible_overscan_50	5579	5779
28819411144	variable_height_mutation	1k_lines_20_visible_overscan_0	824	854
28819411144	variable_height_mutation	100k_lines_80_visible_overscan_5	2988	3067
28819411144	variable_height_mutation	1m_lines_200_visible_overscan_50	10925	11147
28819411144	structural_mutation	1k_lines_20_visible_overscan_0	2008	2079
28819411144	structural_mutation	100k_lines_80_visible_overscan_5	8560	8769
28819411144	structural_mutation	1m_lines_200_visible_overscan_50	35232	36008
28819411144	bulk_structural_mutation	1k_lines_batch_64	6179	6715
28819411144	bulk_structural_mutation	100k_lines_batch_64	15493	16100
28819411144	bulk_structural_mutation	1m_lines_batch_64	55621	57955
28819411144	bulk_structural_mutation	100k_lines_batch_4096	162786	172302
28819411144	bulk_structural_mutation	1m_lines_batch_4096	405635	426275
28819411144	line_query	uniform_1k	24	55
28819411144	line_query	uniform_100k	34	66
28819411144	line_query	uniform_1m	40	71
28819411144	line_query	balanced_tree_100k	210	254
28819411144	line_query	balanced_tree_1m	250	260
28819411144	line_geometry_query	uniform_1k	31	63
28819411144	line_geometry_query	uniform_100k	73	82
28819411144	line_geometry_query	uniform_1m	47	80
28819411144	line_geometry_query	balanced_tree_100k	380	532
28819411144	line_geometry_query	balanced_tree_1m	418	436
28819411144	column_query	uniform_1k	24	54
28819411144	column_query	uniform_100k	35	66
28819411144	column_query	uniform_1m	40	72
28819411144	column_query	prefixsum_100k	57	93
28819411144	column_query	prefixsum_1m	79	122
28818762407	pipeline	1k_lines_20_visible_overscan_0	2911	3096
28818762407	pipeline	100k_lines_80_visible_overscan_5	12062	12269
28818762407	pipeline	1m_lines_200_visible_overscan_50	39381	40177
28818762407	variable_height	1k_lines_20_visible_overscan_0	490	533
28818762407	variable_height	100k_lines_80_visible_overscan_5	1701	1762
28818762407	variable_height	1m_lines_200_visible_overscan_50	5495	5599
28818762407	variable_height_mutation	1k_lines_20_visible_overscan_0	855	886
28818762407	variable_height_mutation	100k_lines_80_visible_overscan_5	3290	3385
28818762407	variable_height_mutation	1m_lines_200_visible_overscan_50	11150	11379
28818762407	structural_mutation	1k_lines_20_visible_overscan_0	2022	2065
28818762407	structural_mutation	100k_lines_80_visible_overscan_5	9422	9533
28818762407	structural_mutation	1m_lines_200_visible_overscan_50	34221	34952
28818762407	bulk_structural_mutation	1k_lines_batch_64	6617	6733
28818762407	bulk_structural_mutation	100k_lines_batch_64	17169	17368
28818762407	bulk_structural_mutation	1m_lines_batch_64	54993	55536
28818762407	bulk_structural_mutation	100k_lines_batch_4096	182676	185895
28818762407	bulk_structural_mutation	1m_lines_batch_4096	309871	315223
28818762407	line_query	uniform_1k	26	38
28818762407	line_query	uniform_100k	37	68
28818762407	line_query	uniform_1m	43	75
28818762407	line_query	balanced_tree_100k	131	166
28818762407	line_query	balanced_tree_1m	206	225
28818762407	line_geometry_query	uniform_1k	33	52
28818762407	line_geometry_query	uniform_100k	44	75
28818762407	line_geometry_query	uniform_1m	50	80
28818762407	line_geometry_query	balanced_tree_100k	240	265
28818762407	line_geometry_query	balanced_tree_1m	321	340
28818762407	column_query	uniform_1k	26	31
28818762407	column_query	uniform_100k	38	67
28818762407	column_query	uniform_1m	44	73
28818762407	column_query	prefixsum_100k	55	94
28818762407	column_query	prefixsum_1m	63	110
28716790653	pipeline	1k_lines_20_visible_overscan_0	2490	2627
28716790653	pipeline	100k_lines_80_visible_overscan_5	10411	10811
28716790653	pipeline	1m_lines_200_visible_overscan_50	33881	35175
28716790653	variable_height	1k_lines_20_visible_overscan_0	510	676
28716790653	variable_height	100k_lines_80_visible_overscan_5	1730	1798
28716790653	variable_height	1m_lines_200_visible_overscan_50	5421	5532
28716790653	variable_height_mutation	1k_lines_20_visible_overscan_0	810	845
28716790653	variable_height_mutation	100k_lines_80_visible_overscan_5	2999	3073
28716790653	variable_height_mutation	1m_lines_200_visible_overscan_50	10390	11468
28716790653	structural_mutation	1k_lines_20_visible_overscan_0	1974	2034
28716790653	structural_mutation	100k_lines_80_visible_overscan_5	8323	9540
28716790653	structural_mutation	1m_lines_200_visible_overscan_50	31273	32640
28716790653	bulk_structural_mutation	1k_lines_batch_64	6343	6566
28716790653	bulk_structural_mutation	100k_lines_batch_64	15158	15437
28716790653	bulk_structural_mutation	1m_lines_batch_64	49259	51538
28716790653	bulk_structural_mutation	100k_lines_batch_4096	164634	167395
28716790653	bulk_structural_mutation	1m_lines_batch_4096	335577	359545
28716790653	line_query	uniform_1k	23	34
28716790653	line_query	uniform_100k	92	110
28716790653	line_query	uniform_1m	47	72
28716790653	line_query	balanced_tree_100k	240	259
28716790653	line_query	balanced_tree_1m	251	265
28716790653	line_geometry_query	uniform_1k	31	63
28716790653	line_geometry_query	uniform_100k	42	75
28716790653	line_geometry_query	uniform_1m	47	78
28716790653	line_geometry_query	balanced_tree_100k	374	412
28716790653	line_geometry_query	balanced_tree_1m	417	448
28713959866	pipeline	1k_lines_20_visible_overscan_0	2675	2883
28713959866	pipeline	100k_lines_80_visible_overscan_5	11176	11437
28713959866	pipeline	1m_lines_200_visible_overscan_50	36588	37525
28713959866	variable_height	1k_lines_20_visible_overscan_0	485	513
28713959866	variable_height	100k_lines_80_visible_overscan_5	1713	1799
28713959866	variable_height	1m_lines_200_visible_overscan_50	5462	5571
28713959866	variable_height_mutation	1k_lines_20_visible_overscan_0	855	886
28713959866	variable_height_mutation	100k_lines_80_visible_overscan_5	3320	3403
28713959866	variable_height_mutation	1m_lines_200_visible_overscan_50	10950	11100
28713959866	structural_mutation	1k_lines_20_visible_overscan_0	1981	2035
28713959866	structural_mutation	100k_lines_80_visible_overscan_5	9609	9787
28713959866	structural_mutation	1m_lines_200_visible_overscan_50	33502	33877
28713959866	bulk_structural_mutation	1k_lines_batch_64	6494	6609
28713959866	bulk_structural_mutation	100k_lines_batch_64	17452	17641
28713959866	bulk_structural_mutation	1m_lines_batch_64	53920	56866
28713959866	bulk_structural_mutation	100k_lines_batch_4096	186328	188935
28713959866	bulk_structural_mutation	1m_lines_batch_4096	305153	310337
28713959866	line_query	uniform_1k	26	46
28713959866	line_query	uniform_100k	37	67
28713959866	line_query	uniform_1m	43	72
28713959866	line_query	balanced_tree_100k	129	162
28713959866	line_query	balanced_tree_1m	247	285
28713959866	line_geometry_query	uniform_1k	33	50
28713959866	line_geometry_query	uniform_100k	44	73
28713959866	line_geometry_query	uniform_1m	50	79
28713959866	line_geometry_query	balanced_tree_100k	249	332
28713959866	line_geometry_query	balanced_tree_1m	321	359
28698965663	pipeline	1k_lines_20_visible_overscan_0	2504	2661
28698965663	pipeline	100k_lines_80_visible_overscan_5	10411	10672
28698965663	pipeline	1m_lines_200_visible_overscan_50	33906	34874
28698965663	variable_height	1k_lines_20_visible_overscan_0	499	553
28698965663	variable_height	100k_lines_80_visible_overscan_5	1771	1882
28698965663	variable_height	1m_lines_200_visible_overscan_50	6146	6281
28698965663	variable_height_mutation	1k_lines_20_visible_overscan_0	795	866
28698965663	variable_height_mutation	100k_lines_80_visible_overscan_5	2792	2859
28698965663	variable_height_mutation	1m_lines_200_visible_overscan_50	9869	10029
28698965663	structural_mutation	1k_lines_20_visible_overscan_0	1935	1983
28698965663	structural_mutation	100k_lines_80_visible_overscan_5	8740	9175
28698965663	structural_mutation	1m_lines_200_visible_overscan_50	34507	35386
28698965663	bulk_structural_mutation	1k_lines_batch_64	6203	6436
28698965663	bulk_structural_mutation	100k_lines_batch_64	17159	18265
28698965663	bulk_structural_mutation	1m_lines_batch_64	56249	58251
28698965663	bulk_structural_mutation	100k_lines_batch_4096	175031	185018
28698965663	bulk_structural_mutation	1m_lines_batch_4096	418059	428779
28698965663	line_query	uniform_1k	43	56
28698965663	line_query	uniform_100k	34	65
28698965663	line_query	uniform_1m	39	70
28698965663	line_query	balanced_tree_100k	235	255
28698965663	line_query	balanced_tree_1m	257	274
28698965663	line_geometry_query	uniform_1k	31	62
28698965663	line_geometry_query	uniform_100k	73	110
28698965663	line_geometry_query	uniform_1m	47	78
28698965663	line_geometry_query	balanced_tree_100k	371	399
28698965663	line_geometry_query	balanced_tree_1m	430	448
28646126162	pipeline	1k_lines_20_visible_overscan_0	2542	2705
28646126162	pipeline	100k_lines_80_visible_overscan_5	10641	10994
28646126162	pipeline	1m_lines_200_visible_overscan_50	34730	35740
28646126162	variable_height	1k_lines_20_visible_overscan_0	501	542
28646126162	variable_height	100k_lines_80_visible_overscan_5	1734	1797
28646126162	variable_height	1m_lines_200_visible_overscan_50	5442	5657
28646126162	variable_height_mutation	1k_lines_20_visible_overscan_0	797	1146
28646126162	variable_height_mutation	100k_lines_80_visible_overscan_5	2797	2870
28646126162	variable_height_mutation	1m_lines_200_visible_overscan_50	9443	9649
28646126162	structural_mutation	1k_lines_20_visible_overscan_0	1971	2091
28646126162	structural_mutation	100k_lines_80_visible_overscan_5	8285	8435
28646126162	structural_mutation	1m_lines_200_visible_overscan_50	30761	32114
28646126162	bulk_structural_mutation	1k_lines_batch_64	6547	6749
28646126162	bulk_structural_mutation	100k_lines_batch_64	15802	15986
28646126162	bulk_structural_mutation	1m_lines_batch_64	49727	52415
28646126162	bulk_structural_mutation	100k_lines_batch_4096	166193	169463
28646126162	bulk_structural_mutation	1m_lines_batch_4096	334156	361551
28646126162	line_query	uniform_1k	23	55
28646126162	line_query	uniform_100k	34	66
28646126162	line_query	uniform_1m	40	71
28646126162	line_query	balanced_tree_100k	209	219
28646126162	line_query	balanced_tree_1m	257	270
28646126162	line_geometry_query	uniform_1k	31	62
28646126162	line_geometry_query	uniform_100k	41	74
28646126162	line_geometry_query	uniform_1m	47	79
28646126162	line_geometry_query	balanced_tree_100k	368	400
28646126162	line_geometry_query	balanced_tree_1m	424	458
28587326869	pipeline	1k_lines_20_visible_overscan_0	2677	2804
28587326869	pipeline	100k_lines_80_visible_overscan_5	10758	11096
28587326869	pipeline	1m_lines_200_visible_overscan_50	34940	35433
28587326869	variable_height	1k_lines_20_visible_overscan_0	505	554
28587326869	variable_height	100k_lines_80_visible_overscan_5	1731	1834
28587326869	variable_height	1m_lines_200_visible_overscan_50	5424	5550
28587326869	variable_height_mutation	1k_lines_20_visible_overscan_0	776	805
28587326869	variable_height_mutation	100k_lines_80_visible_overscan_5	2841	2915
28587326869	variable_height_mutation	1m_lines_200_visible_overscan_50	9365	9651
28587326869	structural_mutation	1k_lines_20_visible_overscan_0	1972	2022
28587326869	structural_mutation	100k_lines_80_visible_overscan_5	8236	8360
28587326869	structural_mutation	1m_lines_200_visible_overscan_50	30796	32740
28587326869	bulk_structural_mutation	1k_lines_batch_64	6329	9850
28587326869	bulk_structural_mutation	100k_lines_batch_64	15401	17981
28587326869	bulk_structural_mutation	1m_lines_batch_64	48290	52191
28587326869	bulk_structural_mutation	100k_lines_batch_4096	164779	167628
28587326869	bulk_structural_mutation	1m_lines_batch_4096	361549	399999
28587326869	line_query	uniform_1k	23	53
28587326869	line_query	uniform_100k	35	67
28587326869	line_query	uniform_1m	42	71
28587326869	line_query	balanced_tree_100k	238	248
28587326869	line_query	balanced_tree_1m	255	288
28473489678	pipeline	1k_lines_20_visible_overscan_0	2571	2744
28473489678	pipeline	100k_lines_80_visible_overscan_5	10554	10863
28473489678	pipeline	1m_lines_200_visible_overscan_50	34171	34789
28473489678	variable_height	1k_lines_20_visible_overscan_0	648	729
28473489678	variable_height	100k_lines_80_visible_overscan_5	1741	1856
28473489678	variable_height	1m_lines_200_visible_overscan_50	5510	5681
28473489678	variable_height_mutation	1k_lines_20_visible_overscan_0	804	1078
28473489678	variable_height_mutation	100k_lines_80_visible_overscan_5	2798	2875
28473489678	variable_height_mutation	1m_lines_200_visible_overscan_50	9522	9811
28473489678	structural_mutation	1k_lines_20_visible_overscan_0	1967	2015
28473489678	structural_mutation	100k_lines_80_visible_overscan_5	8330	8826
28473489678	structural_mutation	1m_lines_200_visible_overscan_50	35412	36416
28473489678	bulk_structural_mutation	1k_lines_batch_64	6322	6449
28473489678	bulk_structural_mutation	100k_lines_batch_64	15874	16539
28473489678	bulk_structural_mutation	1m_lines_batch_64	56741	59648
28473489678	bulk_structural_mutation	100k_lines_batch_4096	165720	168908
28473489678	bulk_structural_mutation	1m_lines_batch_4096	393544	410466
28473489678	line_query	uniform_1k	23	54
28473489678	line_query	uniform_100k	34	66
28473489678	line_query	uniform_1m	39	70
28473489678	line_query	balanced_tree_100k	208	215
28473489678	line_query	balanced_tree_1m	255	267
28371455301	pipeline	1k_lines_20_visible_overscan_0	1290	1332
28371455301	pipeline	100k_lines_80_visible_overscan_5	5456	5592
28371455301	pipeline	1m_lines_200_visible_overscan_50	18175	18405
28371455301	variable_height	1k_lines_20_visible_overscan_0	380	390
28371455301	variable_height	100k_lines_80_visible_overscan_5	1370	1387
28371455301	variable_height	1m_lines_200_visible_overscan_50	4358	4556
28371455301	variable_height_mutation	1k_lines_20_visible_overscan_0	676	703
28371455301	variable_height_mutation	100k_lines_80_visible_overscan_5	2617	2668
28371455301	variable_height_mutation	1m_lines_200_visible_overscan_50	8423	8540
28371455301	structural_mutation	1k_lines_20_visible_overscan_0	1176	1211
28371455301	structural_mutation	100k_lines_80_visible_overscan_5	5375	6929
28371455301	structural_mutation	1m_lines_200_visible_overscan_50	26790	29452
28371455301	bulk_structural_mutation	1k_lines_batch_64	3534	7089
28371455301	bulk_structural_mutation	100k_lines_batch_64	9160	9421
28371455301	bulk_structural_mutation	1m_lines_batch_64	40091	48087
28371455301	bulk_structural_mutation	100k_lines_batch_4096	86148	87455
28371455301	bulk_structural_mutation	1m_lines_batch_4096	288983	307288
28371455301	line_query	uniform_1k	13	14
28371455301	line_query	uniform_100k	20	26
28371455301	line_query	uniform_1m	24	34
28371455301	line_query	balanced_tree_100k	69	89
28371455301	line_query	balanced_tree_1m	96	119
28334474924	pipeline	1k_lines_20_visible_overscan_0	2529	2667
28334474924	pipeline	100k_lines_80_visible_overscan_5	10391	10590
28334474924	pipeline	1m_lines_200_visible_overscan_50	33935	34601
28334474924	variable_height	1k_lines_20_visible_overscan_0	654	684
28334474924	variable_height	100k_lines_80_visible_overscan_5	1724	1833
28334474924	variable_height	1m_lines_200_visible_overscan_50	5433	5571
28334474924	variable_height_mutation	1k_lines_20_visible_overscan_0	823	853
28334474924	variable_height_mutation	100k_lines_80_visible_overscan_5	2939	3009
28334474924	variable_height_mutation	1m_lines_200_visible_overscan_50	9653	9811
28334474924	structural_mutation	1k_lines_20_visible_overscan_0	1981	2063
28334474924	structural_mutation	100k_lines_80_visible_overscan_5	8279	8481
28334474924	structural_mutation	1m_lines_200_visible_overscan_50	28862	32405
28334474924	bulk_structural_mutation	1k_lines_batch_64	6076	6230
28334474924	bulk_structural_mutation	100k_lines_batch_64	15319	15518
28334474924	bulk_structural_mutation	1m_lines_batch_64	43375	45464
28334474924	bulk_structural_mutation	100k_lines_batch_4096	162324	165414
28334474924	bulk_structural_mutation	1m_lines_batch_4096	296239	334124
28334474924	line_query	uniform_1k	23	55
28334474924	line_query	uniform_100k	34	66
28334474924	line_query	uniform_1m	39	78
28334474924	line_query	balanced_tree_100k	208	219
28334474924	line_query	balanced_tree_1m	252	287
28264342225	pipeline	1k_lines_20_visible_overscan_0	2518	2682
28264342225	pipeline	100k_lines_80_visible_overscan_5	10340	10523
28264342225	pipeline	1m_lines_200_visible_overscan_50	33938	34397
28264342225	variable_height	1k_lines_20_visible_overscan_0	477	492
28264342225	variable_height	100k_lines_80_visible_overscan_5	1720	1848
28264342225	variable_height	1m_lines_200_visible_overscan_50	5719	5892
28264342225	variable_height_mutation	1k_lines_20_visible_overscan_0	778	812
28264342225	variable_height_mutation	100k_lines_80_visible_overscan_5	2834	2909
28264342225	variable_height_mutation	1m_lines_200_visible_overscan_50	10046	10207
28264342225	structural_mutation	1k_lines_20_visible_overscan_0	3044	3114
28264342225	structural_mutation	100k_lines_80_visible_overscan_5	13914	14402
28264342225	structural_mutation	1m_lines_200_visible_overscan_50	47926	49495
28264342225	bulk_structural_mutation	1k_lines_batch_64	7431	7635
28264342225	bulk_structural_mutation	100k_lines_batch_64	23228	24596
28264342225	bulk_structural_mutation	1m_lines_batch_64	76132	81399
28264342225	bulk_structural_mutation	100k_lines_batch_4096	188792	202323
28264342225	bulk_structural_mutation	1m_lines_batch_4096	457283	474375
28264342225	line_query	uniform_1k	23	54
28264342225	line_query	uniform_100k	34	65
28264342225	line_query	uniform_1m	40	70
28264342225	line_query	balanced_tree_100k	209	233
28264342225	line_query	balanced_tree_1m	252	269
28236592208	pipeline	1k_lines_20_visible_overscan_0	2519	2706
28236592208	pipeline	100k_lines_80_visible_overscan_5	10430	10642
28236592208	pipeline	1m_lines_200_visible_overscan_50	33901	34708
28236592208	variable_height	1k_lines_20_visible_overscan_0	529	711
28236592208	variable_height	100k_lines_80_visible_overscan_5	1868	1940
28236592208	variable_height	1m_lines_200_visible_overscan_50	6065	6236
28236592208	variable_height_mutation	1k_lines_20_visible_overscan_0	771	802
28236592208	variable_height_mutation	100k_lines_80_visible_overscan_5	2785	2889
28236592208	variable_height_mutation	1m_lines_200_visible_overscan_50	9300	9590
28236592208	structural_mutation	1k_lines_20_visible_overscan_0	3019	3106
28236592208	structural_mutation	100k_lines_80_visible_overscan_5	12402	13134
28236592208	structural_mutation	1m_lines_200_visible_overscan_50	40776	43479
28236592208	bulk_structural_mutation	1k_lines_batch_64	7338	7515
28236592208	bulk_structural_mutation	100k_lines_batch_64	19758	20125
28236592208	bulk_structural_mutation	1m_lines_batch_64	59798	62126
28236592208	bulk_structural_mutation	100k_lines_batch_4096	167467	170626
28236592208	bulk_structural_mutation	1m_lines_batch_4096	294722	308601
28236592208	line_query	uniform_1k	45	60
28236592208	line_query	uniform_100k	34	69
28236592208	line_query	uniform_1m	40	70
28236592208	line_query	balanced_tree_100k	206	225
28236592208	line_query	balanced_tree_1m	248	255
29183582406	point_query	prefixsum_100k	110	149
29183582406	point_query	prefixsum_1m	124	159
29183582406	point_query	uniform_100k	91	130
29183582406	point_query	uniform_1m	96	129
29184456256	point_query	prefixsum_100k	112	137
29184456256	point_query	prefixsum_1m	133	156
29184456256	point_query	uniform_100k	96	132
29184456256	point_query	uniform_1m	96	128
29184686762	point_query	prefixsum_100k	132	159
29184686762	point_query	prefixsum_1m	171	202
29184686762	point_query	uniform_100k	97	133
29184686762	point_query	uniform_1m	83	108
29183582406	pipeline	1k_lines_20_visible_overscan_0	2498	2658
29183582406	pipeline	100k_lines_80_visible_overscan_5	10466	10738
29183582406	pipeline	1m_lines_200_visible_overscan_50	34031	34771
29183582406	variable_height	1k_lines_20_visible_overscan_0	501	538
29183582406	variable_height	100k_lines_80_visible_overscan_5	1733	1791
29183582406	variable_height	1m_lines_200_visible_overscan_50	5462	5570
29183582406	variable_height_mutation	1k_lines_20_visible_overscan_0	780	811
29183582406	variable_height_mutation	100k_lines_80_visible_overscan_5	2930	3007
29183582406	variable_height_mutation	1m_lines_200_visible_overscan_50	11014	11256
29183582406	structural_mutation	1k_lines_20_visible_overscan_0	1963	2061
29183582406	structural_mutation	100k_lines_80_visible_overscan_5	8665	9277
29183582406	structural_mutation	1m_lines_200_visible_overscan_50	35478	36896
29183582406	bulk_structural_mutation	1k_lines_batch_64	6130	6272
29183582406	bulk_structural_mutation	100k_lines_batch_64	15401	15843
29183582406	bulk_structural_mutation	1m_lines_batch_64	52670	55031
29183582406	bulk_structural_mutation	100k_lines_batch_4096	165762	169858
29183582406	bulk_structural_mutation	1m_lines_batch_4096	390303	425542
29183582406	line_query	uniform_1k	23	58
29183582406	line_query	uniform_100k	34	67
29183582406	line_query	uniform_1m	39	71
29183582406	line_query	balanced_tree_100k	206	216
29183582406	line_query	balanced_tree_1m	254	266
29183582406	line_geometry_query	uniform_1k	31	62
29183582406	line_geometry_query	uniform_100k	42	73
29183582406	line_geometry_query	uniform_1m	47	79
29183582406	line_geometry_query	balanced_tree_100k	367	387
29183582406	line_geometry_query	balanced_tree_1m	419	447
29183582406	column_query	uniform_1k	24	34
29183582406	column_query	uniform_100k	35	67
29183582406	column_query	uniform_1m	40	71
29183582406	column_query	prefixsum_100k	62	107
29183582406	column_query	prefixsum_1m	82	119
29183582406	column_geometry_query	uniform_1k	32	63
29183582406	column_geometry_query	uniform_100k	43	75
29183582406	column_geometry_query	uniform_1m	48	79
29183582406	column_geometry_query	prefixsum_100k	70	112
29183582406	column_geometry_query	prefixsum_1m	92	137
29184456256	pipeline	1k_lines_20_visible_overscan_0	2553	2675
29184456256	pipeline	100k_lines_80_visible_overscan_5	10524	10930
29184456256	pipeline	1m_lines_200_visible_overscan_50	34366	35231
29184456256	variable_height	1k_lines_20_visible_overscan_0	501	522
29184456256	variable_height	100k_lines_80_visible_overscan_5	1740	2756
29184456256	variable_height	1m_lines_200_visible_overscan_50	5521	5688
29184456256	variable_height_mutation	1k_lines_20_visible_overscan_0	785	816
29184456256	variable_height_mutation	100k_lines_80_visible_overscan_5	2811	2885
29184456256	variable_height_mutation	1m_lines_200_visible_overscan_50	9699	9961
29184456256	structural_mutation	1k_lines_20_visible_overscan_0	1970	2095
29184456256	structural_mutation	100k_lines_80_visible_overscan_5	8369	8589
29184456256	structural_mutation	1m_lines_200_visible_overscan_50	33158	34448
29184456256	bulk_structural_mutation	1k_lines_batch_64	6311	6556
29184456256	bulk_structural_mutation	100k_lines_batch_64	15493	16259
29184456256	bulk_structural_mutation	1m_lines_batch_64	53801	56741
29184456256	bulk_structural_mutation	100k_lines_batch_4096	169660	174521
29184456256	bulk_structural_mutation	1m_lines_batch_4096	369912	391135
29184456256	line_query	uniform_1k	23	55
29184456256	line_query	uniform_100k	34	65
29184456256	line_query	uniform_1m	39	71
29184456256	line_query	balanced_tree_100k	207	217
29184456256	line_query	balanced_tree_1m	253	271
29184456256	line_geometry_query	uniform_1k	31	63
29184456256	line_geometry_query	uniform_100k	42	73
29184456256	line_geometry_query	uniform_1m	47	79
29184456256	line_geometry_query	balanced_tree_100k	367	389
29184456256	line_geometry_query	balanced_tree_1m	421	447
29184456256	column_query	uniform_1k	24	33
29184456256	column_query	uniform_100k	35	67
29184456256	column_query	uniform_1m	40	71
29184456256	column_query	prefixsum_100k	60	104
29184456256	column_query	prefixsum_1m	77	120
29184456256	column_geometry_query	uniform_1k	32	63
29184456256	column_geometry_query	uniform_100k	43	75
29184456256	column_geometry_query	uniform_1m	48	80
29184456256	column_geometry_query	prefixsum_100k	74	122
29184456256	column_geometry_query	prefixsum_1m	97	133
29184686762	pipeline	1k_lines_20_visible_overscan_0	2501	2660
29184686762	pipeline	100k_lines_80_visible_overscan_5	10434	10695
29184686762	pipeline	1m_lines_200_visible_overscan_50	34042	35291
29184686762	variable_height	1k_lines_20_visible_overscan_0	527	541
29184686762	variable_height	100k_lines_80_visible_overscan_5	1880	1946
29184686762	variable_height	1m_lines_200_visible_overscan_50	6001	6078
29184686762	variable_height_mutation	1k_lines_20_visible_overscan_0	784	815
29184686762	variable_height_mutation	100k_lines_80_visible_overscan_5	2849	2922
29184686762	variable_height_mutation	1m_lines_200_visible_overscan_50	9404	9539
29184686762	structural_mutation	1k_lines_20_visible_overscan_0	1981	2240
29184686762	structural_mutation	100k_lines_80_visible_overscan_5	8293	8407
29184686762	structural_mutation	1m_lines_200_visible_overscan_50	30325	31670
29184686762	bulk_structural_mutation	1k_lines_batch_64	6459	6592
29184686762	bulk_structural_mutation	100k_lines_batch_64	15380	15681
29184686762	bulk_structural_mutation	1m_lines_batch_64	47253	49270
29184686762	bulk_structural_mutation	100k_lines_batch_4096	164774	167628
29184686762	bulk_structural_mutation	1m_lines_batch_4096	324750	347524
29184686762	line_query	uniform_1k	23	40
29184686762	line_query	uniform_100k	34	66
29184686762	line_query	uniform_1m	39	71
29184686762	line_query	balanced_tree_100k	212	219
29184686762	line_query	balanced_tree_1m	257	286
29184686762	line_geometry_query	uniform_1k	31	63
29184686762	line_geometry_query	uniform_100k	42	74
29184686762	line_geometry_query	uniform_1m	47	79
29184686762	line_geometry_query	balanced_tree_100k	369	406
29184686762	line_geometry_query	balanced_tree_1m	422	456
29184686762	column_query	uniform_1k	24	42
29184686762	column_query	uniform_100k	35	66
29184686762	column_query	uniform_1m	40	71
29184686762	column_query	prefixsum_100k	58	93
29184686762	column_query	prefixsum_1m	74	115
29184686762	column_geometry_query	uniform_1k	32	62
29184686762	column_geometry_query	uniform_100k	43	84
29184686762	column_geometry_query	uniform_1m	48	80
29184686762	column_geometry_query	prefixsum_100k	124	169
29184686762	column_geometry_query	prefixsum_1m	130	163
29185096022	pipeline	1k_lines_20_visible_overscan_0	2724	2895
29185096022	pipeline	100k_lines_80_visible_overscan_5	11399	11605
29185096022	pipeline	1m_lines_200_visible_overscan_50	37235	37871
29185096022	variable_height	1k_lines_20_visible_overscan_0	471	526
29185096022	variable_height	100k_lines_80_visible_overscan_5	1689	1749
29185096022	variable_height	1m_lines_200_visible_overscan_50	5438	5574
29185096022	variable_height_mutation	1k_lines_20_visible_overscan_0	865	1110
29185096022	variable_height_mutation	100k_lines_80_visible_overscan_5	3404	3487
29185096022	variable_height_mutation	1m_lines_200_visible_overscan_50	10464	10576
29185096022	structural_mutation	1k_lines_20_visible_overscan_0	2010	2065
29185096022	structural_mutation	100k_lines_80_visible_overscan_5	8994	9115
29185096022	structural_mutation	1m_lines_200_visible_overscan_50	34565	37530
29185096022	bulk_structural_mutation	1k_lines_batch_64	6548	6815
29185096022	bulk_structural_mutation	100k_lines_batch_64	16662	17523
29185096022	bulk_structural_mutation	1m_lines_batch_64	55802	58411
29185096022	bulk_structural_mutation	100k_lines_batch_4096	181488	184240
29185096022	bulk_structural_mutation	1m_lines_batch_4096	328789	343881
29185096022	line_query	uniform_1k	26	38
29185096022	line_query	uniform_100k	37	67
29185096022	line_query	uniform_1m	43	73
29185096022	line_query	balanced_tree_100k	136	171
29185096022	line_query	balanced_tree_1m	206	233
29185096022	line_geometry_query	uniform_1k	33	62
29185096022	line_geometry_query	uniform_100k	44	74
29185096022	line_geometry_query	uniform_1m	50	80
29185096022	line_geometry_query	balanced_tree_100k	252	324
29185096022	line_geometry_query	balanced_tree_1m	316	355
29185096022	column_query	uniform_1k	26	38
29185096022	column_query	uniform_100k	38	67
29185096022	column_query	uniform_1m	44	73
29185096022	column_query	prefixsum_100k	57	90
29185096022	column_query	prefixsum_1m	63	94
29185096022	column_geometry_query	uniform_1k	34	63
29185096022	column_geometry_query	uniform_100k	46	76
29185096022	column_geometry_query	uniform_1m	52	82
29185096022	column_geometry_query	prefixsum_100k	66	100
29185096022	column_geometry_query	prefixsum_1m	74	107
29185096022	point_query	uniform_100k	87	97
29185096022	point_query	uniform_1m	66	97
29185096022	point_query	prefixsum_100k	74	107
29185096022	point_query	prefixsum_1m	81	117
29185634901	pipeline	1k_lines_20_visible_overscan_0	2480	2653
29185634901	pipeline	100k_lines_80_visible_overscan_5	10396	10598
29185634901	pipeline	1m_lines_200_visible_overscan_50	33821	34653
29185634901	variable_height	1k_lines_20_visible_overscan_0	542	704
29185634901	variable_height	100k_lines_80_visible_overscan_5	2016	2098
29185634901	variable_height	1m_lines_200_visible_overscan_50	6877	7014
29185634901	variable_height_mutation	1k_lines_20_visible_overscan_0	782	847
29185634901	variable_height_mutation	100k_lines_80_visible_overscan_5	2802	2888
29185634901	variable_height_mutation	1m_lines_200_visible_overscan_50	10032	10193
29185634901	structural_mutation	1k_lines_20_visible_overscan_0	1984	2059
29185634901	structural_mutation	100k_lines_80_visible_overscan_5	9081	9863
29185634901	structural_mutation	1m_lines_200_visible_overscan_50	36443	37179
29185634901	bulk_structural_mutation	1k_lines_batch_64	6255	6472
29185634901	bulk_structural_mutation	100k_lines_batch_64	16751	18593
29185634901	bulk_structural_mutation	1m_lines_batch_64	56646	57859
29185634901	bulk_structural_mutation	100k_lines_batch_4096	164363	174346
29185634901	bulk_structural_mutation	1m_lines_batch_4096	332342	355267
29185634901	line_query	uniform_1k	25	54
29185634901	line_query	uniform_100k	34	65
29185634901	line_query	uniform_1m	39	70
29185634901	line_query	balanced_tree_100k	210	219
29185634901	line_query	balanced_tree_1m	256	273
29185634901	line_geometry_query	uniform_1k	57	330
29185634901	line_geometry_query	uniform_100k	42	73
29185634901	line_geometry_query	uniform_1m	79	265
29185634901	line_geometry_query	balanced_tree_100k	367	383
29185634901	line_geometry_query	balanced_tree_1m	425	451
29185634901	column_query	uniform_1k	24	53
29185634901	column_query	uniform_100k	35	66
29185634901	column_query	uniform_1m	40	71
29185634901	column_query	prefixsum_100k	60	97
29185634901	column_query	prefixsum_1m	81	120
29185634901	column_geometry_query	uniform_1k	33	66
29185634901	column_geometry_query	uniform_100k	43	74
29185634901	column_geometry_query	uniform_1m	48	79
29185634901	column_geometry_query	prefixsum_100k	69	105
29185634901	column_geometry_query	prefixsum_1m	82	125
29185634901	point_query	uniform_100k	87	125
29185634901	point_query	uniform_1m	87	114
29185634901	point_query	prefixsum_100k	116	144
29185634901	point_query	prefixsum_1m	133	165
29186301213	pipeline	1k_lines_20_visible_overscan_0	2089	2232
29186301213	pipeline	100k_lines_80_visible_overscan_5	8710	9046
29186301213	pipeline	1m_lines_200_visible_overscan_50	28447	29239
29186301213	variable_height	1k_lines_20_visible_overscan_0	358	386
29186301213	variable_height	100k_lines_80_visible_overscan_5	1313	1373
29186301213	variable_height	1m_lines_200_visible_overscan_50	4269	4362
29186301213	variable_height_mutation	1k_lines_20_visible_overscan_0	654	698
29186301213	variable_height_mutation	100k_lines_80_visible_overscan_5	2503	2553
29186301213	variable_height_mutation	1m_lines_200_visible_overscan_50	8316	8571
29186301213	structural_mutation	1k_lines_20_visible_overscan_0	1528	1600
29186301213	structural_mutation	100k_lines_80_visible_overscan_5	6984	7328
29186301213	structural_mutation	1m_lines_200_visible_overscan_50	39021	39844
29186301213	bulk_structural_mutation	1k_lines_batch_64	5120	5281
29186301213	bulk_structural_mutation	100k_lines_batch_64	12935	13207
29186301213	bulk_structural_mutation	1m_lines_batch_64	64853	66149
29186301213	bulk_structural_mutation	100k_lines_batch_4096	139416	141898
29186301213	bulk_structural_mutation	1m_lines_batch_4096	426168	469325
29186301213	line_query	uniform_1k	20	31
29186301213	line_query	uniform_100k	29	44
29186301213	line_query	uniform_1m	34	52
29186301213	line_query	balanced_tree_100k	100	127
29186301213	line_query	balanced_tree_1m	166	231
29186301213	line_geometry_query	uniform_1k	25	32
29186301213	line_geometry_query	uniform_100k	34	56
29186301213	line_geometry_query	uniform_1m	39	62
29186301213	line_geometry_query	balanced_tree_100k	188	237
29186301213	line_geometry_query	balanced_tree_1m	243	255
29186301213	column_query	uniform_1k	20	25
29186301213	column_query	uniform_100k	30	52
29186301213	column_query	uniform_1m	34	55
29186301213	column_query	prefixsum_100k	47	71
29186301213	column_query	prefixsum_1m	53	86
29186301213	column_geometry_query	uniform_1k	26	33
29186301213	column_geometry_query	uniform_100k	35	58
29186301213	column_geometry_query	uniform_1m	40	63
29186301213	column_geometry_query	prefixsum_100k	52	85
29186301213	column_geometry_query	prefixsum_1m	57	90
29186301213	point_query	uniform_100k	46	71
29186301213	point_query	uniform_1m	51	74
29186301213	point_query	prefixsum_100k	58	82
29186301213	point_query	prefixsum_1m	63	90
28236592208	realistic_provider	100k_lines_10mb_text	11970	12233
28236592208	realistic_provider	100k_lines_10mb_text	11995	12294
28236592208	realistic_provider	100k_lines_10mb_text	12035	12449
28236592208	realistic_provider	100k_lines_10mb_text	12053	12228
28236592208	realistic_provider	100k_lines_10mb_text	12093	12462
28236592208	realistic_provider	100k_lines_10mb_text	12150	12325
28236592208	realistic_provider	100k_lines_10mb_text	12216	12865
28236592208	realistic_provider	100k_lines_10mb_text	12260	12522
28334474924	realistic_provider	100k_lines_10mb_text	11947	12082
28334474924	realistic_provider	100k_lines_10mb_text	12015	12176
28334474924	realistic_provider	100k_lines_10mb_text	12016	12201
28334474924	realistic_provider	100k_lines_10mb_text	12233	12437
28334474924	realistic_provider	100k_lines_10mb_text	12273	12441
28334474924	realistic_provider	100k_lines_10mb_text	12373	12583
28334474924	realistic_provider	100k_lines_10mb_text	12426	12534
28334474924	realistic_provider	100k_lines_10mb_text	12697	12886
28473489678	realistic_provider	100k_lines_10mb_text	11947	12155
28473489678	realistic_provider	100k_lines_10mb_text	11985	12603
28473489678	realistic_provider	100k_lines_10mb_text	11996	12207
28473489678	realistic_provider	100k_lines_10mb_text	12065	12237
28473489678	realistic_provider	100k_lines_10mb_text	12071	12339
28473489678	realistic_provider	100k_lines_10mb_text	12077	12364
28473489678	realistic_provider	100k_lines_10mb_text	12142	12470
28473489678	realistic_provider	100k_lines_10mb_text	12220	12675
28646126162	realistic_provider	100k_lines_10mb_text	12006	12196
28646126162	realistic_provider	100k_lines_10mb_text	12012	12330
28646126162	realistic_provider	100k_lines_10mb_text	12022	12157
28646126162	realistic_provider	100k_lines_10mb_text	12072	12315
28646126162	realistic_provider	100k_lines_10mb_text	12107	12277
28646126162	realistic_provider	100k_lines_10mb_text	12161	12671
28646126162	realistic_provider	100k_lines_10mb_text	12177	12654
28646126162	realistic_provider	100k_lines_10mb_text	12192	12341
28713959866	realistic_provider	100k_lines_10mb_text	12833	13006
28713959866	realistic_provider	100k_lines_10mb_text	12867	13018
28713959866	realistic_provider	100k_lines_10mb_text	12918	13199
28713959866	realistic_provider	100k_lines_10mb_text	12980	13148
28713959866	realistic_provider	100k_lines_10mb_text	13038	13415
28713959866	realistic_provider	100k_lines_10mb_text	13160	13585
28713959866	realistic_provider	100k_lines_10mb_text	13799	13967
28713959866	realistic_provider	100k_lines_10mb_text	18298	18468
28818762407	realistic_provider	100k_lines_10mb_text	12801	13042
28818762407	realistic_provider	100k_lines_10mb_text	12816	12969
28818762407	realistic_provider	100k_lines_10mb_text	12863	13042
28818762407	realistic_provider	100k_lines_10mb_text	12871	13008
28818762407	realistic_provider	100k_lines_10mb_text	12925	13164
28818762407	realistic_provider	100k_lines_10mb_text	12970	13168
28818762407	realistic_provider	100k_lines_10mb_text	13117	13270
28818762407	realistic_provider	100k_lines_10mb_text	13288	13459
28893267949	realistic_provider	100k_lines_10mb_text	12864	13150
28893267949	realistic_provider	100k_lines_10mb_text	12877	13077
28893267949	realistic_provider	100k_lines_10mb_text	12982	13207
28893267949	realistic_provider	100k_lines_10mb_text	12990	13151
28893267949	realistic_provider	100k_lines_10mb_text	13027	13202
28893267949	realistic_provider	100k_lines_10mb_text	13132	13312
28893267949	realistic_provider	100k_lines_10mb_text	13274	21752
28893267949	realistic_provider	100k_lines_10mb_text	13596	13914
29108998305	realistic_provider	100k_lines_10mb_text	12012	13049
29108998305	realistic_provider	100k_lines_10mb_text	12021	12285
29108998305	realistic_provider	100k_lines_10mb_text	12052	12379
29108998305	realistic_provider	100k_lines_10mb_text	12071	12232
29108998305	realistic_provider	100k_lines_10mb_text	12130	12319
29108998305	realistic_provider	100k_lines_10mb_text	12154	12365
29108998305	realistic_provider	100k_lines_10mb_text	12177	12368
29108998305	realistic_provider	100k_lines_10mb_text	12431	12623
29145425255	realistic_provider	100k_lines_10mb_text	12834	13336
29145425255	realistic_provider	100k_lines_10mb_text	12852	13229
29145425255	realistic_provider	100k_lines_10mb_text	12865	13118
29145425255	realistic_provider	100k_lines_10mb_text	12919	13274
29145425255	realistic_provider	100k_lines_10mb_text	12971	13678
29145425255	realistic_provider	100k_lines_10mb_text	13047	13248
29145425255	realistic_provider	100k_lines_10mb_text	13080	13357
29145425255	realistic_provider	100k_lines_10mb_text	13303	14054
29150235152	realistic_provider	100k_lines_10mb_text	11893	12083
29150235152	realistic_provider	100k_lines_10mb_text	11950	12324
29150235152	realistic_provider	100k_lines_10mb_text	11957	12159
29150235152	realistic_provider	100k_lines_10mb_text	11975	12205
29150235152	realistic_provider	100k_lines_10mb_text	11989	12183
29150235152	realistic_provider	100k_lines_10mb_text	12099	12869
29150235152	realistic_provider	100k_lines_10mb_text	12180	12319
29150235152	realistic_provider	100k_lines_10mb_text	14027	14400
29183582406	realistic_provider	100k_lines_10mb_text	11939	12104
29183582406	realistic_provider	100k_lines_10mb_text	11980	12181
29183582406	realistic_provider	100k_lines_10mb_text	12008	12265
29183582406	realistic_provider	100k_lines_10mb_text	12041	12244
29183582406	realistic_provider	100k_lines_10mb_text	12051	12234
29183582406	realistic_provider	100k_lines_10mb_text	12081	12385
29183582406	realistic_provider	100k_lines_10mb_text	12090	12232
29183582406	realistic_provider	100k_lines_10mb_text	12099	12791
29184456256	realistic_provider	100k_lines_10mb_text	11960	12207
29184456256	realistic_provider	100k_lines_10mb_text	12011	12227
29184456256	realistic_provider	100k_lines_10mb_text	12076	12317
29184456256	realistic_provider	100k_lines_10mb_text	12106	12283
29184456256	realistic_provider	100k_lines_10mb_text	12109	12313
29184456256	realistic_provider	100k_lines_10mb_text	12230	12422
29184456256	realistic_provider	100k_lines_10mb_text	12231	12457
29184456256	realistic_provider	100k_lines_10mb_text	12299	12531
29184686762	realistic_provider	100k_lines_10mb_text	11890	12081
29184686762	realistic_provider	100k_lines_10mb_text	11891	12025
29184686762	realistic_provider	100k_lines_10mb_text	11976	12075
29184686762	realistic_provider	100k_lines_10mb_text	12035	12238
29184686762	realistic_provider	100k_lines_10mb_text	12044	12555
29184686762	realistic_provider	100k_lines_10mb_text	12081	12331
29184686762	realistic_provider	100k_lines_10mb_text	12133	12366
29184686762	realistic_provider	100k_lines_10mb_text	12231	12452
29185096022	realistic_provider	100k_lines_10mb_text	12757	12955
29185096022	realistic_provider	100k_lines_10mb_text	12781	13310
29185096022	realistic_provider	100k_lines_10mb_text	12831	13242
29185096022	realistic_provider	100k_lines_10mb_text	12846	13115
29185096022	realistic_provider	100k_lines_10mb_text	12898	13084
29185096022	realistic_provider	100k_lines_10mb_text	12931	13099
29185096022	realistic_provider	100k_lines_10mb_text	12932	13320
29185096022	realistic_provider	100k_lines_10mb_text	14160	14307
29185634901	realistic_provider	100k_lines_10mb_text	11961	12275
29185634901	realistic_provider	100k_lines_10mb_text	11987	12277
29185634901	realistic_provider	100k_lines_10mb_text	12024	12221
29185634901	realistic_provider	100k_lines_10mb_text	12042	12193
29185634901	realistic_provider	100k_lines_10mb_text	12045	12557
29185634901	realistic_provider	100k_lines_10mb_text	12071	12241
29185634901	realistic_provider	100k_lines_10mb_text	12090	12275
29185634901	realistic_provider	100k_lines_10mb_text	12251	12423
29186301213	realistic_provider	100k_lines_10mb_text	10016	10206
29186301213	realistic_provider	100k_lines_10mb_text	10097	10257
29186301213	realistic_provider	100k_lines_10mb_text	10114	10690
29186301213	realistic_provider	100k_lines_10mb_text	10120	10310
29186301213	realistic_provider	100k_lines_10mb_text	10167	10498
29186301213	realistic_provider	100k_lines_10mb_text	10173	10323
29186301213	realistic_provider	100k_lines_10mb_text	10190	10615
29186301213	realistic_provider	100k_lines_10mb_text	10241	10451
29285933609	pipeline	1k_lines_20_visible_overscan_0	2530	2685
29285933609	pipeline	100k_lines_80_visible_overscan_5	10483	11118
29285933609	pipeline	1m_lines_200_visible_overscan_50	34146	36599
29285933609	variable_height	1k_lines_20_visible_overscan_0	527	546
29285933609	variable_height	100k_lines_80_visible_overscan_5	1838	1926
29285933609	variable_height	1m_lines_200_visible_overscan_50	5931	6188
29285933609	variable_height_mutation	1k_lines_20_visible_overscan_0	832	1074
29285933609	variable_height_mutation	100k_lines_80_visible_overscan_5	2925	3034
29285933609	variable_height_mutation	1m_lines_200_visible_overscan_50	9882	12517
29285933609	structural_mutation	1k_lines_20_visible_overscan_0	2002	2766
29285933609	structural_mutation	100k_lines_80_visible_overscan_5	8198	8511
29285933609	structural_mutation	1m_lines_200_visible_overscan_50	34607	36313
29285933609	bulk_structural_mutation	1k_lines_batch_64	6132	6310
29285933609	bulk_structural_mutation	100k_lines_batch_64	16009	20611
29285933609	bulk_structural_mutation	1m_lines_batch_64	54262	56572
29285933609	bulk_structural_mutation	100k_lines_batch_4096	162309	172903
29285933609	bulk_structural_mutation	1m_lines_batch_4096	364650	385652
29285933609	line_query	uniform_1k	23	54
29285933609	line_query	uniform_100k	34	65
29285933609	line_query	uniform_1m	39	70
29285933609	line_query	balanced_tree_100k	209	216
29285933609	line_query	balanced_tree_1m	254	262
29285933609	line_geometry_query	uniform_1k	31	63
29285933609	line_geometry_query	uniform_100k	43	79
29285933609	line_geometry_query	uniform_1m	47	79
29285933609	line_geometry_query	balanced_tree_100k	362	449
29285933609	line_geometry_query	balanced_tree_1m	419	447
29285933609	column_query	uniform_1k	24	40
29285933609	column_query	uniform_100k	53	204
29285933609	column_query	uniform_1m	40	73
29285933609	column_query	prefixsum_100k	109	280
29285933609	column_query	prefixsum_1m	72	119
29285933609	column_geometry_query	uniform_1k	32	64
29285933609	column_geometry_query	uniform_100k	43	74
29285933609	column_geometry_query	uniform_1m	48	80
29285933609	column_geometry_query	prefixsum_100k	102	125
29285933609	column_geometry_query	prefixsum_1m	132	164
29285933609	point_query	uniform_100k	91	128
29285933609	point_query	uniform_1m	79	106
29285933609	point_query	prefixsum_100k	124	158
29285933609	point_query	prefixsum_1m	130	162
29285933609	point_geometry_query	uniform_100k	117	156
29285933609	point_geometry_query	uniform_1m	126	158
29285933609	point_geometry_query	prefixsum_100k	225	252
29285933609	point_geometry_query	prefixsum_1m	167	203
29285933609	realistic_provider	100k_lines_10mb_text	11964	12224
29285933609	realistic_provider	100k_lines_10mb_text	12354	12955
29285933609	realistic_provider	100k_lines_10mb_text	12454	13085
29285933609	realistic_provider	100k_lines_10mb_text	12064	12590
29285933609	realistic_provider	100k_lines_10mb_text	12136	13027
29285933609	realistic_provider	100k_lines_10mb_text	11984	12286
29285933609	realistic_provider	100k_lines_10mb_text	12007	12300
29285933609	realistic_provider	100k_lines_10mb_text	12236	13826
29285302031	pipeline	1k_lines_20_visible_overscan_0	2830	2976
29285302031	pipeline	100k_lines_80_visible_overscan_5	11850	12481
29285302031	pipeline	1m_lines_200_visible_overscan_50	38677	39439
29285302031	variable_height	1k_lines_20_visible_overscan_0	485	511
29285302031	variable_height	100k_lines_80_visible_overscan_5	1702	1826
29285302031	variable_height	1m_lines_200_visible_overscan_50	5549	5669
29285302031	variable_height_mutation	1k_lines_20_visible_overscan_0	896	1269
29285302031	variable_height_mutation	100k_lines_80_visible_overscan_5	3259	3338
29285302031	variable_height_mutation	1m_lines_200_visible_overscan_50	11402	11634
29285302031	structural_mutation	1k_lines_20_visible_overscan_0	1965	2085
29285302031	structural_mutation	100k_lines_80_visible_overscan_5	9468	9697
29285302031	structural_mutation	1m_lines_200_visible_overscan_50	46672	49469
29285302031	bulk_structural_mutation	1k_lines_batch_64	6398	6555
29285302031	bulk_structural_mutation	100k_lines_batch_64	17352	17996
29285302031	bulk_structural_mutation	1m_lines_batch_64	71057	73533
29285302031	bulk_structural_mutation	100k_lines_batch_4096	182983	187581
29285302031	bulk_structural_mutation	1m_lines_batch_4096	355479	395519
29285302031	line_query	uniform_1k	26	41
29285302031	line_query	uniform_100k	37	66
29285302031	line_query	uniform_1m	43	73
29285302031	line_query	balanced_tree_100k	134	167
29285302031	line_query	balanced_tree_1m	198	221
29285302031	line_geometry_query	uniform_1k	33	50
29285302031	line_geometry_query	uniform_100k	44	75
29285302031	line_geometry_query	uniform_1m	50	80
29285302031	line_geometry_query	balanced_tree_100k	240	271
29285302031	line_geometry_query	balanced_tree_1m	313	343
29285302031	column_query	uniform_1k	26	40
29285302031	column_query	uniform_100k	38	67
29285302031	column_query	uniform_1m	44	74
29285302031	column_query	prefixsum_100k	100	130
29285302031	column_query	prefixsum_1m	62	93
29285302031	column_geometry_query	uniform_1k	34	63
29285302031	column_geometry_query	uniform_100k	46	75
29285302031	column_geometry_query	uniform_1m	52	81
29285302031	column_geometry_query	prefixsum_100k	111	133
29285302031	column_geometry_query	prefixsum_1m	74	106
29285302031	point_query	uniform_100k	60	94
29285302031	point_query	uniform_1m	65	98
29285302031	point_query	prefixsum_100k	112	139
29285302031	point_query	prefixsum_1m	77	112
29285302031	point_geometry_query	uniform_100k	80	117
29285302031	point_geometry_query	uniform_1m	92	132
29285302031	point_geometry_query	prefixsum_100k	91	141
29285302031	point_geometry_query	prefixsum_1m	97	143
29285302031	realistic_provider	100k_lines_10mb_text	12849	13079
29285302031	realistic_provider	100k_lines_10mb_text	12977	13194
29285302031	realistic_provider	100k_lines_10mb_text	12945	13111
29285302031	realistic_provider	100k_lines_10mb_text	12866	13091
29285302031	realistic_provider	100k_lines_10mb_text	12841	13040
29285302031	realistic_provider	100k_lines_10mb_text	12909	14318
29285302031	realistic_provider	100k_lines_10mb_text	12816	12961
29285302031	realistic_provider	100k_lines_10mb_text	12958	13147
29284799129	pipeline	1k_lines_20_visible_overscan_0	2086	2262
29284799129	pipeline	100k_lines_80_visible_overscan_5	8713	9446
29284799129	pipeline	1m_lines_200_visible_overscan_50	28465	32020
29284799129	variable_height	1k_lines_20_visible_overscan_0	367	469
29284799129	variable_height	100k_lines_80_visible_overscan_5	1321	1603
29284799129	variable_height	1m_lines_200_visible_overscan_50	4260	4637
29284799129	variable_height_mutation	1k_lines_20_visible_overscan_0	686	989
29284799129	variable_height_mutation	100k_lines_80_visible_overscan_5	2604	2664
29284799129	variable_height_mutation	1m_lines_200_visible_overscan_50	8321	8511
29284799129	structural_mutation	1k_lines_20_visible_overscan_0	1628	2120
29284799129	structural_mutation	100k_lines_80_visible_overscan_5	7251	7458
29284799129	structural_mutation	1m_lines_200_visible_overscan_50	37113	38412
29284799129	bulk_structural_mutation	1k_lines_batch_64	5107	5217
29284799129	bulk_structural_mutation	100k_lines_batch_64	13461	14347
29284799129	bulk_structural_mutation	1m_lines_batch_64	59897	64029
29284799129	bulk_structural_mutation	100k_lines_batch_4096	141624	146114
29284799129	bulk_structural_mutation	1m_lines_batch_4096	290376	308192
29284799129	line_query	uniform_1k	20	29
29284799129	line_query	uniform_100k	29	39
29284799129	line_query	uniform_1m	33	54
29284799129	line_query	balanced_tree_100k	100	129
29284799129	line_query	balanced_tree_1m	139	167
29284799129	line_geometry_query	uniform_1k	25	29
29284799129	line_geometry_query	uniform_100k	34	57
29284799129	line_geometry_query	uniform_1m	39	62
29284799129	line_geometry_query	balanced_tree_100k	185	220
29284799129	line_geometry_query	balanced_tree_1m	250	278
29284799129	column_query	uniform_1k	20	27
29284799129	column_query	uniform_100k	29	38
29284799129	column_query	uniform_1m	34	57
29284799129	column_query	prefixsum_100k	45	70
29284799129	column_query	prefixsum_1m	51	77
29284799129	column_geometry_query	uniform_1k	26	39
29284799129	column_geometry_query	uniform_100k	35	58
29284799129	column_geometry_query	uniform_1m	40	63
29284799129	column_geometry_query	prefixsum_100k	51	77
29284799129	column_geometry_query	prefixsum_1m	56	83
29284799129	point_query	uniform_100k	46	72
29284799129	point_query	uniform_1m	51	75
29284799129	point_query	prefixsum_100k	56	82
29284799129	point_query	prefixsum_1m	61	87
29284799129	point_geometry_query	uniform_100k	63	90
29284799129	point_geometry_query	uniform_1m	67	93
29284799129	point_geometry_query	prefixsum_100k	70	98
29284799129	point_geometry_query	prefixsum_1m	75	101
29284799129	realistic_provider	100k_lines_10mb_text	9982	10608
29284799129	realistic_provider	100k_lines_10mb_text	10291	11336
29284799129	realistic_provider	100k_lines_10mb_text	9960	10238
29284799129	realistic_provider	100k_lines_10mb_text	10025	10296
29284799129	realistic_provider	100k_lines_10mb_text	10010	10442
29284799129	realistic_provider	100k_lines_10mb_text	9970	10627
29284799129	realistic_provider	100k_lines_10mb_text	10004	10850
29284799129	realistic_provider	100k_lines_10mb_text	9904	10021
29282508259	pipeline	1k_lines_20_visible_overscan_0	2695	2884
29282508259	pipeline	100k_lines_80_visible_overscan_5	11315	11812
29282508259	pipeline	1m_lines_200_visible_overscan_50	36881	37635
29282508259	variable_height	1k_lines_20_visible_overscan_0	460	493
29282508259	variable_height	100k_lines_80_visible_overscan_5	1669	1720
29282508259	variable_height	1m_lines_200_visible_overscan_50	5400	5585
29282508259	variable_height_mutation	1k_lines_20_visible_overscan_0	866	912
29282508259	variable_height_mutation	100k_lines_80_visible_overscan_5	3266	3376
29282508259	variable_height_mutation	1m_lines_200_visible_overscan_50	11020	11232
29282508259	structural_mutation	1k_lines_20_visible_overscan_0	1992	2075
29282508259	structural_mutation	100k_lines_80_visible_overscan_5	9477	9679
29282508259	structural_mutation	1m_lines_200_visible_overscan_50	40206	43358
29282508259	bulk_structural_mutation	1k_lines_batch_64	6438	6536
29282508259	bulk_structural_mutation	100k_lines_batch_64	17202	20445
29282508259	bulk_structural_mutation	1m_lines_batch_64	67978	71878
29282508259	bulk_structural_mutation	100k_lines_batch_4096	178845	181983
29282508259	bulk_structural_mutation	1m_lines_batch_4096	362205	399530
29282508259	line_query	uniform_1k	26	36
29282508259	line_query	uniform_100k	37	66
29282508259	line_query	uniform_1m	52	73
29282508259	line_query	balanced_tree_100k	146	186
29282508259	line_query	balanced_tree_1m	203	216
29282508259	line_geometry_query	uniform_1k	33	62
29282508259	line_geometry_query	uniform_100k	44	73
29282508259	line_geometry_query	uniform_1m	71	83
29282508259	line_geometry_query	balanced_tree_100k	245	347
29282508259	line_geometry_query	balanced_tree_1m	323	348
29282508259	column_query	uniform_1k	26	36
29282508259	column_query	uniform_100k	38	67
29282508259	column_query	uniform_1m	44	73
29282508259	column_query	prefixsum_100k	54	87
29282508259	column_query	prefixsum_1m	61	93
29282508259	column_geometry_query	uniform_1k	34	62
29282508259	column_geometry_query	uniform_100k	46	76
29282508259	column_geometry_query	uniform_1m	52	82
29282508259	column_geometry_query	prefixsum_100k	67	101
29282508259	column_geometry_query	prefixsum_1m	75	111
29282508259	point_query	uniform_100k	60	94
29282508259	point_query	uniform_1m	65	97
29282508259	point_query	prefixsum_100k	74	107
29282508259	point_query	prefixsum_1m	79	113
29282508259	point_geometry_query	uniform_100k	80	117
29282508259	point_geometry_query	uniform_1m	86	120
29282508259	point_geometry_query	prefixsum_100k	90	122
29282508259	point_geometry_query	prefixsum_1m	96	129
29282508259	realistic_provider	100k_lines_10mb_text	13289	13512
29282508259	realistic_provider	100k_lines_10mb_text	13179	13423
29282508259	realistic_provider	100k_lines_10mb_text	13016	13182
29282508259	realistic_provider	100k_lines_10mb_text	13789	14000
29282508259	realistic_provider	100k_lines_10mb_text	12967	13173
29282508259	realistic_provider	100k_lines_10mb_text	12855	13080
29282508259	realistic_provider	100k_lines_10mb_text	13009	13204
29282508259	realistic_provider	100k_lines_10mb_text	12835	13011
29280327104	pipeline	1k_lines_20_visible_overscan_0	2548	3186
29280327104	pipeline	100k_lines_80_visible_overscan_5	10454	10817
29280327104	pipeline	1m_lines_200_visible_overscan_50	33975	34948
29280327104	variable_height	1k_lines_20_visible_overscan_0	501	514
29280327104	variable_height	100k_lines_80_visible_overscan_5	1744	1816
29280327104	variable_height	1m_lines_200_visible_overscan_50	5508	5630
29280327104	variable_height_mutation	1k_lines_20_visible_overscan_0	823	853
29280327104	variable_height_mutation	100k_lines_80_visible_overscan_5	2963	3038
29280327104	variable_height_mutation	1m_lines_200_visible_overscan_50	9722	10756
29280327104	structural_mutation	1k_lines_20_visible_overscan_0	1991	2064
29280327104	structural_mutation	100k_lines_80_visible_overscan_5	8406	8604
29280327104	structural_mutation	1m_lines_200_visible_overscan_50	28449	29955
29280327104	bulk_structural_mutation	1k_lines_batch_64	6116	6323
29280327104	bulk_structural_mutation	100k_lines_batch_64	15054	15227
29280327104	bulk_structural_mutation	1m_lines_batch_64	46701	49036
29280327104	bulk_structural_mutation	100k_lines_batch_4096	162201	164494
29280327104	bulk_structural_mutation	1m_lines_batch_4096	282024	309035
29280327104	line_query	uniform_1k	25	71
29280327104	line_query	uniform_100k	34	65
29280327104	line_query	uniform_1m	39	71
29280327104	line_query	balanced_tree_100k	209	215
29280327104	line_query	balanced_tree_1m	254	263
29280327104	line_geometry_query	uniform_1k	31	62
29280327104	line_geometry_query	uniform_100k	42	74
29280327104	line_geometry_query	uniform_1m	47	78
29280327104	line_geometry_query	balanced_tree_100k	365	453
29280327104	line_geometry_query	balanced_tree_1m	418	461
29280327104	column_query	uniform_1k	24	32
29280327104	column_query	uniform_100k	35	66
29280327104	column_query	uniform_1m	40	71
29280327104	column_query	prefixsum_100k	56	92
29280327104	column_query	prefixsum_1m	70	110
29280327104	column_geometry_query	uniform_1k	32	63
29280327104	column_geometry_query	uniform_100k	66	94
29280327104	column_geometry_query	uniform_1m	48	80
29280327104	column_geometry_query	prefixsum_100k	100	123
29280327104	column_geometry_query	prefixsum_1m	123	158
29280327104	point_query	uniform_100k	86	126
29280327104	point_query	uniform_1m	91	112
29280327104	point_query	prefixsum_100k	113	141
29280327104	point_query	prefixsum_1m	128	160
29280327104	point_geometry_query	uniform_100k	113	142
29280327104	point_geometry_query	uniform_1m	109	132
29280327104	point_geometry_query	prefixsum_100k	231	243
29280327104	point_geometry_query	prefixsum_1m	156	184
29280327104	realistic_provider	100k_lines_10mb_text	12043	12304
29280327104	realistic_provider	100k_lines_10mb_text	12999	13358
29280327104	realistic_provider	100k_lines_10mb_text	12016	12192
29280327104	realistic_provider	100k_lines_10mb_text	11972	12165
29280327104	realistic_provider	100k_lines_10mb_text	11950	12154
29280327104	realistic_provider	100k_lines_10mb_text	12084	12340
29280327104	realistic_provider	100k_lines_10mb_text	11999	12200
29280327104	realistic_provider	100k_lines_10mb_text	11968	14063
29279467574	pipeline	1k_lines_20_visible_overscan_0	2499	2653
29279467574	pipeline	100k_lines_80_visible_overscan_5	10412	10737
29279467574	pipeline	1m_lines_200_visible_overscan_50	33861	34871
29279467574	variable_height	1k_lines_20_visible_overscan_0	526	711
29279467574	variable_height	100k_lines_80_visible_overscan_5	1797	1937
29279467574	variable_height	1m_lines_200_visible_overscan_50	6066	6247
29279467574	variable_height_mutation	1k_lines_20_visible_overscan_0	823	855
29279467574	variable_height_mutation	100k_lines_80_visible_overscan_5	2941	3027
29279467574	variable_height_mutation	1m_lines_200_visible_overscan_50	10460	10659
29279467574	structural_mutation	1k_lines_20_visible_overscan_0	2012	2318
29279467574	structural_mutation	100k_lines_80_visible_overscan_5	8884	9563
29279467574	structural_mutation	1m_lines_200_visible_overscan_50	34456	35749
29279467574	bulk_structural_mutation	1k_lines_batch_64	6276	7395
29279467574	bulk_structural_mutation	100k_lines_batch_64	15051	15529
29279467574	bulk_structural_mutation	1m_lines_batch_64	58907	62449
29279467574	bulk_structural_mutation	100k_lines_batch_4096	178905	206266
29279467574	bulk_structural_mutation	1m_lines_batch_4096	417378	431381
29279467574	line_query	uniform_1k	23	30
29279467574	line_query	uniform_100k	33	66
29279467574	line_query	uniform_1m	39	71
29279467574	line_query	balanced_tree_100k	210	224
29279467574	line_query	balanced_tree_1m	254	266
29279467574	line_geometry_query	uniform_1k	31	62
29279467574	line_geometry_query	uniform_100k	42	73
29279467574	line_geometry_query	uniform_1m	47	78
29279467574	line_geometry_query	balanced_tree_100k	387	439
29279467574	line_geometry_query	balanced_tree_1m	422	460
29279467574	column_query	uniform_1k	24	54
29279467574	column_query	uniform_100k	35	66
29279467574	column_query	uniform_1m	40	72
29279467574	column_query	prefixsum_100k	60	101
29279467574	column_query	prefixsum_1m	75	118
29279467574	column_geometry_query	uniform_1k	32	64
29279467574	column_geometry_query	uniform_100k	43	74
29279467574	column_geometry_query	uniform_1m	48	80
29279467574	column_geometry_query	prefixsum_100k	103	136
29279467574	column_geometry_query	prefixsum_1m	157	182
29279467574	point_query	uniform_100k	84	122
29279467574	point_query	uniform_1m	100	130
29279467574	point_query	prefixsum_100k	115	142
29279467574	point_query	prefixsum_1m	129	155
29279467574	point_geometry_query	uniform_100k	118	153
29279467574	point_geometry_query	uniform_1m	109	133
29279467574	point_geometry_query	prefixsum_100k	145	176
29279467574	point_geometry_query	prefixsum_1m	159	218
29279467574	realistic_provider	100k_lines_10mb_text	11965	12398
29279467574	realistic_provider	100k_lines_10mb_text	12060	12272
29279467574	realistic_provider	100k_lines_10mb_text	12013	12530
29279467574	realistic_provider	100k_lines_10mb_text	11881	12020
29279467574	realistic_provider	100k_lines_10mb_text	12010	12240
29279467574	realistic_provider	100k_lines_10mb_text	12527	12859
29279467574	realistic_provider	100k_lines_10mb_text	12043	12464
29279467574	realistic_provider	100k_lines_10mb_text	12093	12333
29266416053	pipeline	1k_lines_20_visible_overscan_0	2824	2952
29266416053	pipeline	100k_lines_80_visible_overscan_5	11708	12271
29266416053	pipeline	1m_lines_200_visible_overscan_50	38101	41429
29266416053	variable_height	1k_lines_20_visible_overscan_0	490	517
29266416053	variable_height	100k_lines_80_visible_overscan_5	1805	1927
29266416053	variable_height	1m_lines_200_visible_overscan_50	5896	6009
29266416053	variable_height_mutation	1k_lines_20_visible_overscan_0	827	860
29266416053	variable_height_mutation	100k_lines_80_visible_overscan_5	3042	3126
29266416053	variable_height_mutation	1m_lines_200_visible_overscan_50	11440	12268
29266416053	structural_mutation	1k_lines_20_visible_overscan_0	2017	2194
29266416053	structural_mutation	100k_lines_80_visible_overscan_5	15600	18488
29266416053	structural_mutation	1m_lines_200_visible_overscan_50	49935	58240
29266416053	bulk_structural_mutation	1k_lines_batch_64	6676	7572
29266416053	bulk_structural_mutation	100k_lines_batch_64	21845	25561
29266416053	bulk_structural_mutation	1m_lines_batch_64	80812	85411
29266416053	bulk_structural_mutation	100k_lines_batch_4096	191572	224580
29266416053	bulk_structural_mutation	1m_lines_batch_4096	514326	550764
29266416053	line_query	uniform_1k	26	39
29266416053	line_query	uniform_100k	37	66
29266416053	line_query	uniform_1m	43	73
29266416053	line_query	balanced_tree_100k	153	208
29266416053	line_query	balanced_tree_1m	189	213
29266416053	line_geometry_query	uniform_1k	33	61
29266416053	line_geometry_query	uniform_100k	44	73
29266416053	line_geometry_query	uniform_1m	50	81
29266416053	line_geometry_query	balanced_tree_100k	247	314
29266416053	line_geometry_query	balanced_tree_1m	315	338
29266416053	column_query	uniform_1k	26	38
29266416053	column_query	uniform_100k	38	67
29266416053	column_query	uniform_1m	44	73
29266416053	column_query	prefixsum_100k	58	91
29266416053	column_query	prefixsum_1m	65	97
29266416053	column_geometry_query	uniform_1k	34	63
29266416053	column_geometry_query	uniform_100k	58	87
29266416053	column_geometry_query	uniform_1m	52	83
29266416053	column_geometry_query	prefixsum_100k	68	105
29266416053	column_geometry_query	prefixsum_1m	74	107
29266416053	point_query	uniform_100k	60	92
29266416053	point_query	uniform_1m	65	97
29266416053	point_query	prefixsum_100k	75	115
29266416053	point_query	prefixsum_1m	81	116
29206089605	pipeline	1k_lines_20_visible_overscan_0	2544	3336
29206089605	pipeline	100k_lines_80_visible_overscan_5	10420	11184
29206089605	pipeline	1m_lines_200_visible_overscan_50	33869	34589
29206089605	variable_height	1k_lines_20_visible_overscan_0	487	611
29206089605	variable_height	100k_lines_80_visible_overscan_5	1725	1862
29206089605	variable_height	1m_lines_200_visible_overscan_50	5471	6840
29206089605	variable_height_mutation	1k_lines_20_visible_overscan_0	791	824
29206089605	variable_height_mutation	100k_lines_80_visible_overscan_5	2797	2872
29206089605	variable_height_mutation	1m_lines_200_visible_overscan_50	9459	9595
29206089605	structural_mutation	1k_lines_20_visible_overscan_0	1958	2035
29206089605	structural_mutation	100k_lines_80_visible_overscan_5	8568	8795
29206089605	structural_mutation	1m_lines_200_visible_overscan_50	34912	35988
29206089605	bulk_structural_mutation	1k_lines_batch_64	6127	6801
29206089605	bulk_structural_mutation	100k_lines_batch_64	15622	16253
29206089605	bulk_structural_mutation	1m_lines_batch_64	51053	53992
29206089605	bulk_structural_mutation	100k_lines_batch_4096	164296	167201
29206089605	bulk_structural_mutation	1m_lines_batch_4096	341936	378451
29206089605	line_query	uniform_1k	24	54
29206089605	line_query	uniform_100k	34	65
29206089605	line_query	uniform_1m	39	70
29206089605	line_query	balanced_tree_100k	200	215
29206089605	line_query	balanced_tree_1m	251	260
29206089605	line_geometry_query	uniform_1k	31	62
29206089605	line_geometry_query	uniform_100k	42	74
29206089605	line_geometry_query	uniform_1m	47	78
29206089605	line_geometry_query	balanced_tree_100k	368	392
29206089605	line_geometry_query	balanced_tree_1m	421	431
29206089605	column_query	uniform_1k	24	54
29206089605	column_query	uniform_100k	35	66
29206089605	column_query	uniform_1m	40	71
29206089605	column_query	prefixsum_100k	58	94
29206089605	column_query	prefixsum_1m	71	109
29206089605	column_geometry_query	uniform_1k	45	69
29206089605	column_geometry_query	uniform_100k	43	75
29206089605	column_geometry_query	uniform_1m	49	81
29206089605	column_geometry_query	prefixsum_100k	69	107
29206089605	column_geometry_query	prefixsum_1m	82	120
29206089605	point_query	uniform_100k	93	135
29206089605	point_query	uniform_1m	95	122
29206089605	point_query	prefixsum_100k	97	124
29206089605	point_query	prefixsum_1m	123	152
29206089605	realistic_provider	100k_lines_10mb_text	12066	12648
29206089605	realistic_provider	100k_lines_10mb_text	12750	12953
29206089605	realistic_provider	100k_lines_10mb_text	12117	13145
29206089605	realistic_provider	100k_lines_10mb_text	12097	12716
29206089605	realistic_provider	100k_lines_10mb_text	12188	12418
29206089605	realistic_provider	100k_lines_10mb_text	11916	12437
29206089605	realistic_provider	100k_lines_10mb_text	12024	12378
29206089605	realistic_provider	100k_lines_10mb_text	12076	12560
29205750443	pipeline	1k_lines_20_visible_overscan_0	2528	2798
29205750443	pipeline	100k_lines_80_visible_overscan_5	10475	10964
29205750443	pipeline	1m_lines_200_visible_overscan_50	34106	35204
29205750443	variable_height	1k_lines_20_visible_overscan_0	619	735
29205750443	variable_height	100k_lines_80_visible_overscan_5	1725	1795
29205750443	variable_height	1m_lines_200_visible_overscan_50	5686	5857
29205750443	variable_height_mutation	1k_lines_20_visible_overscan_0	808	1022
29205750443	variable_height_mutation	100k_lines_80_visible_overscan_5	2845	2909
29205750443	variable_height_mutation	1m_lines_200_visible_overscan_50	9772	9974
29205750443	structural_mutation	1k_lines_20_visible_overscan_0	1952	2013
29205750443	structural_mutation	100k_lines_80_visible_overscan_5	8689	8893
29205750443	structural_mutation	1m_lines_200_visible_overscan_50	34452	35543
29205750443	bulk_structural_mutation	1k_lines_batch_64	6209	7286
29205750443	bulk_structural_mutation	100k_lines_batch_64	15258	15772
29205750443	bulk_structural_mutation	1m_lines_batch_64	57742	60485
29205750443	bulk_structural_mutation	100k_lines_batch_4096	172339	184113
29205750443	bulk_structural_mutation	1m_lines_batch_4096	426739	451701
29205750443	line_query	uniform_1k	24	53
29205750443	line_query	uniform_100k	34	65
29205750443	line_query	uniform_1m	39	70
29205750443	line_query	balanced_tree_100k	222	421
29205750443	line_query	balanced_tree_1m	251	275
29205750443	line_geometry_query	uniform_1k	31	63
29205750443	line_geometry_query	uniform_100k	42	74
29205750443	line_geometry_query	uniform_1m	51	99
29205750443	line_geometry_query	balanced_tree_100k	371	390
29205750443	line_geometry_query	balanced_tree_1m	419	434
29205750443	column_query	uniform_1k	24	55
29205750443	column_query	uniform_100k	35	66
29205750443	column_query	uniform_1m	40	71
29205750443	column_query	prefixsum_100k	59	98
29205750443	column_query	prefixsum_1m	73	117
29205750443	column_geometry_query	uniform_1k	32	63
29205750443	column_geometry_query	uniform_100k	43	74
29205750443	column_geometry_query	uniform_1m	48	79
29205750443	column_geometry_query	prefixsum_100k	103	137
29205750443	column_geometry_query	prefixsum_1m	137	165
29205750443	point_query	uniform_100k	86	126
29205750443	point_query	uniform_1m	81	107
29205750443	point_query	prefixsum_100k	112	141
29205750443	point_query	prefixsum_1m	143	171
29205750443	realistic_provider	100k_lines_10mb_text	12051	12633
29205750443	realistic_provider	100k_lines_10mb_text	12011	12579
29205750443	realistic_provider	100k_lines_10mb_text	12171	12355
29205750443	realistic_provider	100k_lines_10mb_text	12323	12482
29205750443	realistic_provider	100k_lines_10mb_text	12190	12565
29205750443	realistic_provider	100k_lines_10mb_text	12121	12690
29205750443	realistic_provider	100k_lines_10mb_text	12388	12521
29205750443	realistic_provider	100k_lines_10mb_text	12175	12378
29196145560	pipeline	1k_lines_20_visible_overscan_0	2707	2898
29196145560	pipeline	100k_lines_80_visible_overscan_5	11295	11539
29196145560	pipeline	1m_lines_200_visible_overscan_50	36873	38003
29196145560	variable_height	1k_lines_20_visible_overscan_0	482	501
29196145560	variable_height	100k_lines_80_visible_overscan_5	1691	1746
29196145560	variable_height	1m_lines_200_visible_overscan_50	5437	5851
29196145560	variable_height_mutation	1k_lines_20_visible_overscan_0	828	860
29196145560	variable_height_mutation	100k_lines_80_visible_overscan_5	3165	3244
29196145560	variable_height_mutation	1m_lines_200_visible_overscan_50	12173	12600
29196145560	structural_mutation	1k_lines_20_visible_overscan_0	2120	2167
29196145560	structural_mutation	100k_lines_80_visible_overscan_5	9337	10261
29196145560	structural_mutation	1m_lines_200_visible_overscan_50	39288	42480
29196145560	bulk_structural_mutation	1k_lines_batch_64	6700	7117
29196145560	bulk_structural_mutation	100k_lines_batch_64	17042	17263
29196145560	bulk_structural_mutation	1m_lines_batch_64	52846	56107
29196145560	bulk_structural_mutation	100k_lines_batch_4096	182804	186071
29196145560	bulk_structural_mutation	1m_lines_batch_4096	315086	341352
29196145560	line_query	uniform_1k	26	41
29196145560	line_query	uniform_100k	37	66
29196145560	line_query	uniform_1m	43	72
29196145560	line_query	balanced_tree_100k	142	173
29196145560	line_query	balanced_tree_1m	206	242
29196145560	line_geometry_query	uniform_1k	33	62
29196145560	line_geometry_query	uniform_100k	44	74
29196145560	line_geometry_query	uniform_1m	69	85
29196145560	line_geometry_query	balanced_tree_100k	242	275
29196145560	line_geometry_query	balanced_tree_1m	318	363
29196145560	column_query	uniform_1k	26	43
29196145560	column_query	uniform_100k	38	67
29196145560	column_query	uniform_1m	44	73
29196145560	column_query	prefixsum_100k	57	93
29196145560	column_query	prefixsum_1m	63	93
29196145560	column_geometry_query	uniform_1k	34	62
29196145560	column_geometry_query	uniform_100k	46	75
29196145560	column_geometry_query	uniform_1m	51	81
29196145560	column_geometry_query	prefixsum_100k	67	99
29196145560	column_geometry_query	prefixsum_1m	75	110
29196145560	point_query	uniform_100k	60	93
29196145560	point_query	uniform_1m	65	97
29196145560	point_query	prefixsum_100k	75	107
29196145560	point_query	prefixsum_1m	80	115
29195471678	pipeline	1k_lines_20_visible_overscan_0	2511	2672
29195471678	pipeline	100k_lines_80_visible_overscan_5	10470	10683
29195471678	pipeline	1m_lines_200_visible_overscan_50	34148	34929
29195471678	variable_height	1k_lines_20_visible_overscan_0	513	676
29195471678	variable_height	100k_lines_80_visible_overscan_5	1732	1782
29195471678	variable_height	1m_lines_200_visible_overscan_50	5523	5749
29195471678	variable_height_mutation	1k_lines_20_visible_overscan_0	808	1188
29195471678	variable_height_mutation	100k_lines_80_visible_overscan_5	3014	3087
29195471678	variable_height_mutation	1m_lines_200_visible_overscan_50	9910	10089
29195471678	structural_mutation	1k_lines_20_visible_overscan_0	1970	2031
29195471678	structural_mutation	100k_lines_80_visible_overscan_5	8487	8788
29195471678	structural_mutation	1m_lines_200_visible_overscan_50	35682	36368
29195471678	bulk_structural_mutation	1k_lines_batch_64	6314	7039
29195471678	bulk_structural_mutation	100k_lines_batch_64	15668	17562
29195471678	bulk_structural_mutation	1m_lines_batch_64	56679	58948
29195471678	bulk_structural_mutation	100k_lines_batch_4096	166727	171545
29195471678	bulk_structural_mutation	1m_lines_batch_4096	419128	441249
29195471678	line_query	uniform_1k	24	53
29195471678	line_query	uniform_100k	34	66
29195471678	line_query	uniform_1m	46	71
29195471678	line_query	balanced_tree_100k	205	221
29195471678	line_query	balanced_tree_1m	251	265
29195471678	line_geometry_query	uniform_1k	31	63
29195471678	line_geometry_query	uniform_100k	42	75
29195471678	line_geometry_query	uniform_1m	47	79
29195471678	line_geometry_query	balanced_tree_100k	368	387
29195471678	line_geometry_query	balanced_tree_1m	421	438
29195471678	column_query	uniform_1k	25	57
29195471678	column_query	uniform_100k	35	66
29195471678	column_query	uniform_1m	77	111
29195471678	column_query	prefixsum_100k	62	112
29195471678	column_query	prefixsum_1m	87	118
29195471678	column_geometry_query	uniform_1k	32	64
29195471678	column_geometry_query	uniform_100k	43	75
29195471678	column_geometry_query	uniform_1m	72	101
29195471678	column_geometry_query	prefixsum_100k	106	141
29195471678	column_geometry_query	prefixsum_1m	143	172
29195471678	point_query	uniform_100k	93	125
29195471678	point_query	uniform_1m	95	123
29195471678	point_query	prefixsum_100k	115	141
29195471678	point_query	prefixsum_1m	127	151
29195471678	realistic_provider	100k_lines_10mb_text	12069	12311
29195471678	realistic_provider	100k_lines_10mb_text	11955	12162
29195471678	realistic_provider	100k_lines_10mb_text	11949	12149
29195471678	realistic_provider	100k_lines_10mb_text	12031	12207
29195471678	realistic_provider	100k_lines_10mb_text	12147	12414
29195471678	realistic_provider	100k_lines_10mb_text	12172	12350
29195471678	realistic_provider	100k_lines_10mb_text	12031	12195
29195471678	realistic_provider	100k_lines_10mb_text	11993	12207
29195160122	pipeline	1k_lines_20_visible_overscan_0	2741	4291
29195160122	pipeline	100k_lines_80_visible_overscan_5	11268	11444
29195160122	pipeline	1m_lines_200_visible_overscan_50	36788	37748
29195160122	variable_height	1k_lines_20_visible_overscan_0	503	718
29195160122	variable_height	100k_lines_80_visible_overscan_5	1695	1776
29195160122	variable_height	1m_lines_200_visible_overscan_50	5671	5799
29195160122	variable_height_mutation	1k_lines_20_visible_overscan_0	837	871
29195160122	variable_height_mutation	100k_lines_80_visible_overscan_5	3140	3254
29195160122	variable_height_mutation	1m_lines_200_visible_overscan_50	11102	11326
29195160122	structural_mutation	1k_lines_20_visible_overscan_0	2000	2059
29195160122	structural_mutation	100k_lines_80_visible_overscan_5	9252	9583
29195160122	structural_mutation	1m_lines_200_visible_overscan_50	45885	47769
29195160122	bulk_structural_mutation	1k_lines_batch_64	6655	6832
29195160122	bulk_structural_mutation	100k_lines_batch_64	17585	18718
29195160122	bulk_structural_mutation	1m_lines_batch_64	74836	77686
29195160122	bulk_structural_mutation	100k_lines_batch_4096	187915	195061
29195160122	bulk_structural_mutation	1m_lines_batch_4096	467844	500339
29195160122	line_query	uniform_1k	26	42
29195160122	line_query	uniform_100k	37	67
29195160122	line_query	uniform_1m	43	73
29195160122	line_query	balanced_tree_100k	183	200
29195160122	line_query	balanced_tree_1m	196	212
29195160122	line_geometry_query	uniform_1k	33	63
29195160122	line_geometry_query	uniform_100k	44	75
29195160122	line_geometry_query	uniform_1m	72	82
29195160122	line_geometry_query	balanced_tree_100k	238	269
29195160122	line_geometry_query	balanced_tree_1m	311	350
29195160122	column_query	uniform_1k	26	38
29195160122	column_query	uniform_100k	38	67
29195160122	column_query	uniform_1m	44	73
29195160122	column_query	prefixsum_100k	58	89
29195160122	column_query	prefixsum_1m	64	98
29195160122	column_geometry_query	uniform_1k	34	62
29195160122	column_geometry_query	uniform_100k	46	76
29195160122	column_geometry_query	uniform_1m	51	81
29195160122	column_geometry_query	prefixsum_100k	68	100
29195160122	column_geometry_query	prefixsum_1m	75	106
29195160122	point_query	uniform_100k	60	92
29195160122	point_query	uniform_1m	65	96
29195160122	point_query	prefixsum_100k	76	113
29195160122	point_query	prefixsum_1m	82	116
29195160122	realistic_provider	100k_lines_10mb_text	13169	13373
29195160122	realistic_provider	100k_lines_10mb_text	12997	13256
29195160122	realistic_provider	100k_lines_10mb_text	13157	13604
29195160122	realistic_provider	100k_lines_10mb_text	13045	13360
29195160122	realistic_provider	100k_lines_10mb_text	13105	13404
29195160122	realistic_provider	100k_lines_10mb_text	13643	13979
29195160122	realistic_provider	100k_lines_10mb_text	13073	13466
29195160122	realistic_provider	100k_lines_10mb_text	13058	13706
29189613106	pipeline	1k_lines_20_visible_overscan_0	2287	2467
29189613106	pipeline	100k_lines_80_visible_overscan_5	9376	9540
29189613106	pipeline	1m_lines_200_visible_overscan_50	30596	31071
29189613106	variable_height	1k_lines_20_visible_overscan_0	577	879
29189613106	variable_height	100k_lines_80_visible_overscan_5	2043	2106
29189613106	variable_height	1m_lines_200_visible_overscan_50	6942	7204
29189613106	variable_height_mutation	1k_lines_20_visible_overscan_0	1032	1056
29189613106	variable_height_mutation	100k_lines_80_visible_overscan_5	4406	4550
29189613106	variable_height_mutation	1m_lines_200_visible_overscan_50	14487	14631
29189613106	structural_mutation	1k_lines_20_visible_overscan_0	1854	1952
29189613106	structural_mutation	100k_lines_80_visible_overscan_5	9386	9841
29189613106	structural_mutation	1m_lines_200_visible_overscan_50	36748	37170
29189613106	bulk_structural_mutation	1k_lines_batch_64	5749	6030
29189613106	bulk_structural_mutation	100k_lines_batch_64	17547	18325
29189613106	bulk_structural_mutation	1m_lines_batch_64	59434	60916
29189613106	bulk_structural_mutation	100k_lines_batch_4096	181568	190451
29189613106	bulk_structural_mutation	1m_lines_batch_4096	404231	411506
29189613106	line_query	uniform_1k	73	84
29189613106	line_query	uniform_100k	76	100
29189613106	line_query	uniform_1m	75	88
29189613106	line_query	balanced_tree_100k	134	157
29189613106	line_query	balanced_tree_1m	160	181
29189613106	line_geometry_query	uniform_1k	60	80
29189613106	line_geometry_query	uniform_100k	82	96
29189613106	line_geometry_query	uniform_1m	83	99
29189613106	line_geometry_query	balanced_tree_100k	296	320
29189613106	line_geometry_query	balanced_tree_1m	347	376
29189613106	column_query	uniform_1k	50	64
29189613106	column_query	uniform_100k	72	89
29189613106	column_query	uniform_1m	75	91
29189613106	column_query	prefixsum_100k	134	153
29189613106	column_query	prefixsum_1m	153	159
29189613106	column_geometry_query	uniform_1k	59	75
29189613106	column_geometry_query	uniform_100k	81	98
29189613106	column_geometry_query	uniform_1m	82	98
29189613106	column_geometry_query	prefixsum_100k	142	165
29189613106	column_geometry_query	prefixsum_1m	162	169
29189613106	point_query	uniform_100k	129	143
29189613106	point_query	uniform_1m	145	201
29189613106	point_query	prefixsum_100k	164	195
29189613106	point_query	prefixsum_1m	174	186
29189613106	realistic_provider	100k_lines_10mb_text	11186	11356
29189613106	realistic_provider	100k_lines_10mb_text	11198	11391
29189613106	realistic_provider	100k_lines_10mb_text	11397	11536
29189613106	realistic_provider	100k_lines_10mb_text	11516	11876
29189613106	realistic_provider	100k_lines_10mb_text	11106	11314
29189613106	realistic_provider	100k_lines_10mb_text	11017	11272
29189613106	realistic_provider	100k_lines_10mb_text	11015	11177
29189613106	realistic_provider	100k_lines_10mb_text	11514	11747
29187843316	pipeline	1k_lines_20_visible_overscan_0	2547	2823
29187843316	pipeline	100k_lines_80_visible_overscan_5	10397	10617
29187843316	pipeline	1m_lines_200_visible_overscan_50	34013	34972
29187843316	variable_height	1k_lines_20_visible_overscan_0	528	563
29187843316	variable_height	100k_lines_80_visible_overscan_5	1922	1978
29187843316	variable_height	1m_lines_200_visible_overscan_50	6089	6155
29187843316	variable_height_mutation	1k_lines_20_visible_overscan_0	813	850
29187843316	variable_height_mutation	100k_lines_80_visible_overscan_5	2901	2968
29187843316	variable_height_mutation	1m_lines_200_visible_overscan_50	9850	10415
29187843316	structural_mutation	1k_lines_20_visible_overscan_0	1961	2018
29187843316	structural_mutation	100k_lines_80_visible_overscan_5	8514	8827
29187843316	structural_mutation	1m_lines_200_visible_overscan_50	33638	35872
29187843316	bulk_structural_mutation	1k_lines_batch_64	6192	6441
29187843316	bulk_structural_mutation	100k_lines_batch_64	15288	15517
29187843316	bulk_structural_mutation	1m_lines_batch_64	48031	51445
29187843316	bulk_structural_mutation	100k_lines_batch_4096	179683	243416
29187843316	bulk_structural_mutation	1m_lines_batch_4096	298954	326154
29187843316	line_query	uniform_1k	23	54
29187843316	line_query	uniform_100k	34	67
29187843316	line_query	uniform_1m	39	70
29187843316	line_query	balanced_tree_100k	205	212
29187843316	line_query	balanced_tree_1m	251	256
29187843316	line_geometry_query	uniform_1k	31	63
29187843316	line_geometry_query	uniform_100k	42	73
29187843316	line_geometry_query	uniform_1m	47	78
29187843316	line_geometry_query	balanced_tree_100k	367	400
29187843316	line_geometry_query	balanced_tree_1m	421	450
29187843316	column_query	uniform_1k	24	31
29187843316	column_query	uniform_100k	35	67
29187843316	column_query	uniform_1m	40	71
29187843316	column_query	prefixsum_100k	63	99
29187843316	column_query	prefixsum_1m	72	114
29187843316	column_geometry_query	uniform_1k	32	63
29187843316	column_geometry_query	uniform_100k	43	73
29187843316	column_geometry_query	uniform_1m	50	79
29187843316	column_geometry_query	prefixsum_100k	68	107
29187843316	column_geometry_query	prefixsum_1m	123	159
29187843316	point_query	uniform_100k	98	128
29187843316	point_query	uniform_1m	97	126
29187843316	point_query	prefixsum_100k	112	137
29187843316	point_query	prefixsum_1m	117	144
29187843316	realistic_provider	100k_lines_10mb_text	12227	12431
29187843316	realistic_provider	100k_lines_10mb_text	12140	12311
29187843316	realistic_provider	100k_lines_10mb_text	12010	12253
29187843316	realistic_provider	100k_lines_10mb_text	12081	12241
29187843316	realistic_provider	100k_lines_10mb_text	12089	12511
29187843316	realistic_provider	100k_lines_10mb_text	12071	12226
29187843316	realistic_provider	100k_lines_10mb_text	12153	12513
29187843316	realistic_provider	100k_lines_10mb_text	12262	12900
29187553818	pipeline	1k_lines_20_visible_overscan_0	2559	2714
29187553818	pipeline	100k_lines_80_visible_overscan_5	10525	10741
29187553818	pipeline	1m_lines_200_visible_overscan_50	34033	34632
29187553818	variable_height	1k_lines_20_visible_overscan_0	486	541
29187553818	variable_height	100k_lines_80_visible_overscan_5	1772	1850
29187553818	variable_height	1m_lines_200_visible_overscan_50	5529	5638
29187553818	variable_height_mutation	1k_lines_20_visible_overscan_0	788	854
29187553818	variable_height_mutation	100k_lines_80_visible_overscan_5	2799	2898
29187553818	variable_height_mutation	1m_lines_200_visible_overscan_50	9513	9746
29187553818	structural_mutation	1k_lines_20_visible_overscan_0	1962	2215
29187553818	structural_mutation	100k_lines_80_visible_overscan_5	8323	8467
29187553818	structural_mutation	1m_lines_200_visible_overscan_50	30878	32243
29187553818	bulk_structural_mutation	1k_lines_batch_64	6322	6486
29187553818	bulk_structural_mutation	100k_lines_batch_64	15431	15690
29187553818	bulk_structural_mutation	1m_lines_batch_64	51656	55073
29187553818	bulk_structural_mutation	100k_lines_batch_4096	166698	171171
29187553818	bulk_structural_mutation	1m_lines_batch_4096	339312	370526
29187553818	line_query	uniform_1k	23	55
29187553818	line_query	uniform_100k	34	66
29187553818	line_query	uniform_1m	39	71
29187553818	line_query	balanced_tree_100k	229	256
29187553818	line_query	balanced_tree_1m	264	307
29187553818	line_geometry_query	uniform_1k	31	64
29187553818	line_geometry_query	uniform_100k	42	75
29187553818	line_geometry_query	uniform_1m	56	82
29187553818	line_geometry_query	balanced_tree_100k	377	422
29187553818	line_geometry_query	balanced_tree_1m	431	473
29187553818	column_query	uniform_1k	24	51
29187553818	column_query	uniform_100k	41	72
29187553818	column_query	uniform_1m	47	72
29187553818	column_query	prefixsum_100k	64	94
29187553818	column_query	prefixsum_1m	83	120
29187553818	column_geometry_query	uniform_1k	32	64
29187553818	column_geometry_query	uniform_100k	43	75
29187553818	column_geometry_query	uniform_1m	48	80
29187553818	column_geometry_query	prefixsum_100k	67	105
29187553818	column_geometry_query	prefixsum_1m	141	169
29187553818	point_query	uniform_100k	97	135
29187553818	point_query	uniform_1m	81	118
29187553818	point_query	prefixsum_100k	119	150
29187553818	point_query	prefixsum_1m	143	178
29187553818	realistic_provider	100k_lines_10mb_text	12038	12277
29187553818	realistic_provider	100k_lines_10mb_text	12240	12463
29187553818	realistic_provider	100k_lines_10mb_text	12369	12583
29187553818	realistic_provider	100k_lines_10mb_text	12059	12525
29187553818	realistic_provider	100k_lines_10mb_text	12126	13277
29187553818	realistic_provider	100k_lines_10mb_text	11954	12195
29187553818	realistic_provider	100k_lines_10mb_text	12152	12501
29187553818	realistic_provider	100k_lines_10mb_text	12055	12197
29185490595	pipeline	1k_lines_20_visible_overscan_0	2501	2613
29185490595	pipeline	100k_lines_80_visible_overscan_5	10414	10626
29185490595	pipeline	1m_lines_200_visible_overscan_50	33833	34365
29185490595	variable_height	1k_lines_20_visible_overscan_0	549	728
29185490595	variable_height	100k_lines_80_visible_overscan_5	1749	1803
29185490595	variable_height	1m_lines_200_visible_overscan_50	5774	6052
29185490595	variable_height_mutation	1k_lines_20_visible_overscan_0	788	827
29185490595	variable_height_mutation	100k_lines_80_visible_overscan_5	2876	2954
29185490595	variable_height_mutation	1m_lines_200_visible_overscan_50	9933	10224
29185490595	structural_mutation	1k_lines_20_visible_overscan_0	1967	2060
29185490595	structural_mutation	100k_lines_80_visible_overscan_5	8388	8676
29185490595	structural_mutation	1m_lines_200_visible_overscan_50	34499	35647
29184350098	pipeline	1k_lines_20_visible_overscan_0	2727	3089
29184350098	pipeline	100k_lines_80_visible_overscan_5	11290	11670
29184350098	pipeline	1m_lines_200_visible_overscan_50	36836	37628
29184350098	variable_height	1k_lines_20_visible_overscan_0	492	714
29184350098	variable_height	100k_lines_80_visible_overscan_5	1682	1751
29184350098	variable_height	1m_lines_200_visible_overscan_50	5495	5622
29184350098	variable_height_mutation	1k_lines_20_visible_overscan_0	877	1144
29184350098	variable_height_mutation	100k_lines_80_visible_overscan_5	3126	3205
29184350098	variable_height_mutation	1m_lines_200_visible_overscan_50	11360	11560
29426572267	pipeline	1k_lines_20_visible_overscan_0	1398	1465
29426572267	pipeline	100k_lines_80_visible_overscan_5	6482	7527
29426572267	pipeline	1m_lines_200_visible_overscan_50	21682	22454
29426572267	variable_height	1k_lines_20_visible_overscan_0	459	492
29426572267	variable_height	100k_lines_80_visible_overscan_5	1420	1474
29426572267	variable_height	1m_lines_200_visible_overscan_50	4699	4768
29426572267	variable_height_mutation	1k_lines_20_visible_overscan_0	720	744
29426572267	variable_height_mutation	100k_lines_80_visible_overscan_5	3119	3265
29426572267	variable_height_mutation	1m_lines_200_visible_overscan_50	9558	10231
29426572267	structural_mutation	1k_lines_20_visible_overscan_0	1515	1547
29426572267	structural_mutation	100k_lines_80_visible_overscan_5	7875	8940
29426572267	structural_mutation	1m_lines_200_visible_overscan_50	25389	26522
29426572267	bulk_structural_mutation	1k_lines_batch_64	4878	6161
29426572267	bulk_structural_mutation	100k_lines_batch_64	13104	13261
29426572267	bulk_structural_mutation	1m_lines_batch_64	36620	38935
29426572267	bulk_structural_mutation	100k_lines_batch_4096	116797	123115
29426572267	bulk_structural_mutation	1m_lines_batch_4096	151339	153728
29426572267	line_query	uniform_1k	48	59
29426572267	line_query	uniform_100k	76	96
29426572267	line_query	uniform_1m	89	109
29426572267	line_query	balanced_tree_100k	112	129
29426572267	line_query	balanced_tree_1m	140	158
29426572267	line_geometry_query	uniform_1k	51	72
29426572267	line_geometry_query	uniform_100k	83	103
29426572267	line_geometry_query	uniform_1m	89	111
29426572267	line_geometry_query	balanced_tree_100k	279	298
29426572267	line_geometry_query	balanced_tree_1m	457	665
29426572267	column_query	uniform_1k	43	58
29426572267	column_query	uniform_100k	72	90
29426572267	column_query	uniform_1m	85	102
29426572267	column_query	prefixsum_100k	84	104
29426572267	column_query	prefixsum_1m	85	103
29426572267	column_geometry_query	uniform_1k	53	67
29426572267	column_geometry_query	uniform_100k	74	93
29426572267	column_geometry_query	uniform_1m	86	107
29426572267	column_geometry_query	prefixsum_100k	91	109
29426572267	column_geometry_query	prefixsum_1m	94	117
29426572267	point_query	uniform_100k	121	132
29426572267	point_query	uniform_1m	130	146
29426572267	point_query	prefixsum_100k	119	137
29426572267	point_query	prefixsum_1m	153	211
29426572267	point_geometry_query	uniform_100k	141	161
29426572267	point_geometry_query	uniform_1m	155	169
29426572267	point_geometry_query	prefixsum_100k	130	146
29426572267	point_geometry_query	prefixsum_1m	141	158
29364862813	pipeline	1k_lines_20_visible_overscan_0	2684	2913
29364862813	pipeline	100k_lines_80_visible_overscan_5	11244	11515
29364862813	pipeline	1m_lines_200_visible_overscan_50	36701	37701
29364862813	variable_height	1k_lines_20_visible_overscan_0	480	664
29364862813	variable_height	100k_lines_80_visible_overscan_5	1708	2347
29364862813	variable_height	1m_lines_200_visible_overscan_50	5508	5642
29364862813	variable_height_mutation	1k_lines_20_visible_overscan_0	859	891
29364862813	variable_height_mutation	100k_lines_80_visible_overscan_5	3249	3412
29364862813	variable_height_mutation	1m_lines_200_visible_overscan_50	10794	11020
29364862813	structural_mutation	1k_lines_20_visible_overscan_0	2005	2165
29364862813	structural_mutation	100k_lines_80_visible_overscan_5	9191	9590
29364862813	structural_mutation	1m_lines_200_visible_overscan_50	39448	41391
29364862813	bulk_structural_mutation	1k_lines_batch_64	6626	6778
29364862813	bulk_structural_mutation	100k_lines_batch_64	16942	17307
29364862813	bulk_structural_mutation	1m_lines_batch_64	62385	69149
29364862813	bulk_structural_mutation	100k_lines_batch_4096	179372	184868
29364862813	bulk_structural_mutation	1m_lines_batch_4096	360586	437414
29364862813	line_query	uniform_1k	26	49
29364862813	line_query	uniform_100k	37	69
29364862813	line_query	uniform_1m	43	74
29364862813	line_query	balanced_tree_100k	135	168
29364862813	line_query	balanced_tree_1m	187	217
29364862813	line_geometry_query	uniform_1k	33	64
29364862813	line_geometry_query	uniform_100k	44	74
29364862813	line_geometry_query	uniform_1m	50	81
29364862813	line_geometry_query	balanced_tree_100k	242	274
29364862813	line_geometry_query	balanced_tree_1m	315	331
29364862813	column_query	uniform_1k	34	44
29364862813	column_query	uniform_100k	38	70
29364862813	column_query	uniform_1m	44	74
29364862813	column_query	prefixsum_100k	56	88
29364862813	column_query	prefixsum_1m	61	92
29364862813	column_geometry_query	uniform_1k	34	63
29364862813	column_geometry_query	uniform_100k	46	78
29364862813	column_geometry_query	uniform_1m	51	82
29364862813	column_geometry_query	prefixsum_100k	66	99
29364862813	column_geometry_query	prefixsum_1m	73	106
29364862813	point_query	uniform_100k	60	99
29364862813	point_query	uniform_1m	78	100
29364862813	point_query	prefixsum_100k	75	108
29364862813	point_query	prefixsum_1m	81	115
29364862813	point_geometry_query	uniform_100k	81	120
29364862813	point_geometry_query	uniform_1m	117	133
29364862813	point_geometry_query	prefixsum_100k	91	128
29364862813	point_geometry_query	prefixsum_1m	97	131
29364862813	realistic_provider	100k_lines_10mb_text	12989	13532
29364862813	realistic_provider	100k_lines_10mb_text	12894	13632
29364862813	realistic_provider	100k_lines_10mb_text	12836	13067
29364862813	realistic_provider	100k_lines_10mb_text	13004	13326
29364862813	realistic_provider	100k_lines_10mb_text	13129	13367
29364862813	realistic_provider	100k_lines_10mb_text	13050	13572
29364862813	realistic_provider	100k_lines_10mb_text	12937	13074
29364862813	realistic_provider	100k_lines_10mb_text	12832	13262
29313228902	pipeline	1k_lines_20_visible_overscan_0	2530	2713
29313228902	pipeline	100k_lines_80_visible_overscan_5	10510	10722
29313228902	pipeline	1m_lines_200_visible_overscan_50	34196	35624
29313228902	variable_height	1k_lines_20_visible_overscan_0	506	544
29313228902	variable_height	100k_lines_80_visible_overscan_5	1784	1870
29313228902	variable_height	1m_lines_200_visible_overscan_50	6162	6271
29313228902	variable_height_mutation	1k_lines_20_visible_overscan_0	825	854
29313228902	variable_height_mutation	100k_lines_80_visible_overscan_5	3158	3352
29313228902	variable_height_mutation	1m_lines_200_visible_overscan_50	12302	12620
29313228902	structural_mutation	1k_lines_20_visible_overscan_0	1985	2051
29313228902	structural_mutation	100k_lines_80_visible_overscan_5	12315	12893
29313228902	structural_mutation	1m_lines_200_visible_overscan_50	36752	37622
29313228902	bulk_structural_mutation	1k_lines_batch_64	6258	6493
29313228902	bulk_structural_mutation	100k_lines_batch_64	23479	24567
29313228902	bulk_structural_mutation	1m_lines_batch_64	61957	63546
29313228902	bulk_structural_mutation	100k_lines_batch_4096	223654	306895
29313228902	bulk_structural_mutation	1m_lines_batch_4096	394300	412513
29313228902	line_query	uniform_1k	43	63
29313228902	line_query	uniform_100k	47	95
29313228902	line_query	uniform_1m	39	73
29313228902	line_query	balanced_tree_100k	212	245
29313228902	line_query	balanced_tree_1m	257	281
29313228902	line_geometry_query	uniform_1k	31	62
29313228902	line_geometry_query	uniform_100k	42	73
29313228902	line_geometry_query	uniform_1m	47	78
29313228902	line_geometry_query	balanced_tree_100k	362	374
29313228902	line_geometry_query	balanced_tree_1m	433	656
29313228902	column_query	uniform_1k	24	54
29313228902	column_query	uniform_100k	54	89
29313228902	column_query	uniform_1m	40	72
29313228902	column_query	prefixsum_100k	57	93
29313228902	column_query	prefixsum_1m	88	119
29313228902	column_geometry_query	uniform_1k	32	62
29313228902	column_geometry_query	uniform_100k	43	74
29313228902	column_geometry_query	uniform_1m	69	85
29313228902	column_geometry_query	prefixsum_100k	106	140
29313228902	column_geometry_query	prefixsum_1m	128	163
29313228902	point_query	uniform_100k	134	156
29313228902	point_query	uniform_1m	95	123
29313228902	point_query	prefixsum_100k	114	144
29313228902	point_query	prefixsum_1m	132	159
29313228902	point_geometry_query	uniform_100k	184	199
29313228902	point_geometry_query	uniform_1m	106	131
29313228902	point_geometry_query	prefixsum_100k	162	187
29313228902	point_geometry_query	prefixsum_1m	168	207
29313228902	realistic_provider	100k_lines_10mb_text	12081	14119
29313228902	realistic_provider	100k_lines_10mb_text	11917	12137
29313228902	realistic_provider	100k_lines_10mb_text	12010	13009
29313228902	realistic_provider	100k_lines_10mb_text	12364	12572
29313228902	realistic_provider	100k_lines_10mb_text	12162	12357
29313228902	realistic_provider	100k_lines_10mb_text	11973	12387
29313228902	realistic_provider	100k_lines_10mb_text	12100	12327
29313228902	realistic_provider	100k_lines_10mb_text	11964	12220
29311831585	pipeline	1k_lines_20_visible_overscan_0	2506	2647
29311831585	pipeline	100k_lines_80_visible_overscan_5	10394	10643
29311831585	pipeline	1m_lines_200_visible_overscan_50	33916	34451
29311831585	variable_height	1k_lines_20_visible_overscan_0	507	589
29311831585	variable_height	100k_lines_80_visible_overscan_5	1732	1801
29311831585	variable_height	1m_lines_200_visible_overscan_50	5489	5599
29311831585	variable_height_mutation	1k_lines_20_visible_overscan_0	816	877
29311831585	variable_height_mutation	100k_lines_80_visible_overscan_5	2939	3010
29311831585	variable_height_mutation	1m_lines_200_visible_overscan_50	9822	10187
29311831585	structural_mutation	1k_lines_20_visible_overscan_0	1990	2093
29311831585	structural_mutation	100k_lines_80_visible_overscan_5	8538	8655
29311831585	structural_mutation	1m_lines_200_visible_overscan_50	29734	35034
29311831585	bulk_structural_mutation	1k_lines_batch_64	6207	6797
29311831585	bulk_structural_mutation	100k_lines_batch_64	18779	25701
29311831585	bulk_structural_mutation	1m_lines_batch_64	55344	57330
29311831585	bulk_structural_mutation	100k_lines_batch_4096	163118	165317
29311831585	bulk_structural_mutation	1m_lines_batch_4096	298914	318503
29311831585	line_query	uniform_1k	23	54
29311831585	line_query	uniform_100k	34	65
29311831585	line_query	uniform_1m	39	70
29311831585	line_query	balanced_tree_100k	208	225
29311831585	line_query	balanced_tree_1m	253	273
29311831585	line_geometry_query	uniform_1k	31	62
29311831585	line_geometry_query	uniform_100k	42	73
29311831585	line_geometry_query	uniform_1m	47	78
29311831585	line_geometry_query	balanced_tree_100k	372	452
29311831585	line_geometry_query	balanced_tree_1m	426	438
29311831585	column_query	uniform_1k	24	38
29311831585	column_query	uniform_100k	35	66
29311831585	column_query	uniform_1m	40	72
29311831585	column_query	prefixsum_100k	57	92
29311831585	column_query	prefixsum_1m	71	114
29311831585	column_geometry_query	uniform_1k	32	63
29311831585	column_geometry_query	uniform_100k	42	74
29311831585	column_geometry_query	uniform_1m	48	79
29311831585	column_geometry_query	prefixsum_100k	102	133
29311831585	column_geometry_query	prefixsum_1m	135	168
29311831585	point_query	uniform_100k	88	127
29311831585	point_query	uniform_1m	91	117
29311831585	point_query	prefixsum_100k	103	128
29311831585	point_query	prefixsum_1m	111	141
29311831585	point_geometry_query	uniform_100k	119	153
29311831585	point_geometry_query	uniform_1m	156	208
29311831585	point_geometry_query	prefixsum_100k	120	144
29311831585	point_geometry_query	prefixsum_1m	156	178
29311831585	realistic_provider	100k_lines_10mb_text	11894	12121
29311831585	realistic_provider	100k_lines_10mb_text	12119	12357
29311831585	realistic_provider	100k_lines_10mb_text	12064	12235
29311831585	realistic_provider	100k_lines_10mb_text	11964	12155
29311831585	realistic_provider	100k_lines_10mb_text	11995	12271
29311831585	realistic_provider	100k_lines_10mb_text	12021	12377
29311831585	realistic_provider	100k_lines_10mb_text	11983	12221
29311831585	realistic_provider	100k_lines_10mb_text	12206	12790
29311125509	pipeline	1k_lines_20_visible_overscan_0	2559	2683
29311125509	pipeline	100k_lines_80_visible_overscan_5	10566	10845
29311125509	pipeline	1m_lines_200_visible_overscan_50	34415	35387
29311125509	variable_height	1k_lines_20_visible_overscan_0	570	750
29311125509	variable_height	100k_lines_80_visible_overscan_5	1776	1843
29311125509	variable_height	1m_lines_200_visible_overscan_50	5965	6101
29311125509	variable_height_mutation	1k_lines_20_visible_overscan_0	824	855
29311125509	variable_height_mutation	100k_lines_80_visible_overscan_5	2952	3033
29311125509	variable_height_mutation	1m_lines_200_visible_overscan_50	10321	10507
29311125509	structural_mutation	1k_lines_20_visible_overscan_0	2002	2424
29311125509	structural_mutation	100k_lines_80_visible_overscan_5	8480	8761
29311125509	structural_mutation	1m_lines_200_visible_overscan_50	35280	36225
29311125509	bulk_structural_mutation	1k_lines_batch_64	6172	6410
29311125509	bulk_structural_mutation	100k_lines_batch_64	15605	15989
29311125509	bulk_structural_mutation	1m_lines_batch_64	56028	58914
29311125509	bulk_structural_mutation	100k_lines_batch_4096	176476	184510
29311125509	bulk_structural_mutation	1m_lines_batch_4096	438443	454604
29311125509	line_query	uniform_1k	23	52
29311125509	line_query	uniform_100k	54	68
29311125509	line_query	uniform_1m	40	72
29311125509	line_query	balanced_tree_100k	217	246
29311125509	line_query	balanced_tree_1m	257	274
29311125509	line_geometry_query	uniform_1k	31	65
29311125509	line_geometry_query	uniform_100k	42	74
29311125509	line_geometry_query	uniform_1m	47	78
29311125509	line_geometry_query	balanced_tree_100k	368	395
29311125509	line_geometry_query	balanced_tree_1m	431	451
29311125509	column_query	uniform_1k	24	55
29311125509	column_query	uniform_100k	35	66
29311125509	column_query	uniform_1m	40	72
29311125509	column_query	prefixsum_100k	60	99
29311125509	column_query	prefixsum_1m	76	115
29311125509	column_geometry_query	uniform_1k	32	64
29311125509	column_geometry_query	uniform_100k	56	83
29311125509	column_geometry_query	uniform_1m	48	81
29311125509	column_geometry_query	prefixsum_100k	102	136
29311125509	column_geometry_query	prefixsum_1m	125	161
29311125509	point_query	uniform_100k	89	126
29311125509	point_query	uniform_1m	103	133
29311125509	point_query	prefixsum_100k	113	142
29311125509	point_query	prefixsum_1m	127	153
29311125509	point_geometry_query	uniform_100k	109	147
29311125509	point_geometry_query	uniform_1m	107	133
29311125509	point_geometry_query	prefixsum_100k	146	180
29311125509	point_geometry_query	prefixsum_1m	235	254
29311125509	realistic_provider	100k_lines_10mb_text	12212	12724
29311125509	realistic_provider	100k_lines_10mb_text	12142	12492
29311125509	realistic_provider	100k_lines_10mb_text	12195	12582
29311125509	realistic_provider	100k_lines_10mb_text	12001	12713
29311125509	realistic_provider	100k_lines_10mb_text	12207	12369
29311125509	realistic_provider	100k_lines_10mb_text	12009	12208
29311125509	realistic_provider	100k_lines_10mb_text	12474	12690
29311125509	realistic_provider	100k_lines_10mb_text	12187	14300
29606487287	pipeline	1k_lines_20_visible_overscan_0	2091	2267
29606487287	pipeline	100k_lines_80_visible_overscan_5	8718	8917
29606487287	pipeline	1m_lines_200_visible_overscan_50	28436	29419
29606487287	variable_height	1k_lines_20_visible_overscan_0	374	463
29606487287	variable_height	100k_lines_80_visible_overscan_5	1323	1374
29606487287	variable_height	1m_lines_200_visible_overscan_50	4313	4512
29606487287	variable_height_mutation	1k_lines_20_visible_overscan_0	649	678
29606487287	variable_height_mutation	100k_lines_80_visible_overscan_5	2388	2676
29606487287	variable_height_mutation	1m_lines_200_visible_overscan_50	8017	8378
29606487287	structural_mutation	1k_lines_20_visible_overscan_0	1630	1726
29606487287	structural_mutation	100k_lines_80_visible_overscan_5	7381	7736
29606487287	structural_mutation	1m_lines_200_visible_overscan_50	39607	41088
29606487287	bulk_structural_mutation	1k_lines_batch_64	5155	5226
29606487287	bulk_structural_mutation	100k_lines_batch_64	16143	19527
29606487287	bulk_structural_mutation	1m_lines_batch_64	65350	68518
29606487287	bulk_structural_mutation	100k_lines_batch_4096	149599	158602
29606487287	bulk_structural_mutation	1m_lines_batch_4096	429751	465000
29606487287	line_query	uniform_1k	20	30
29606487287	line_query	uniform_100k	29	36
29606487287	line_query	uniform_1m	33	49
29606487287	line_query	balanced_tree_100k	100	126
29606487287	line_query	balanced_tree_1m	141	171
29606487287	line_geometry_query	uniform_1k	25	37
29606487287	line_geometry_query	uniform_100k	34	58
29606487287	line_geometry_query	uniform_1m	39	62
29606487287	line_geometry_query	balanced_tree_100k	193	248
29606487287	line_geometry_query	balanced_tree_1m	250	264
29606487287	column_query	uniform_1k	20	30
29606487287	column_query	uniform_100k	29	49
29606487287	column_query	uniform_1m	34	57
29606487287	column_query	prefixsum_100k	44	68
29606487287	column_query	prefixsum_1m	49	73
29606487287	column_geometry_query	uniform_1k	26	44
29606487287	column_geometry_query	uniform_100k	35	58
29606487287	column_geometry_query	uniform_1m	40	63
29606487287	column_geometry_query	prefixsum_100k	52	77
29606487287	column_geometry_query	prefixsum_1m	57	82
29606487287	point_query	uniform_100k	46	71
29606487287	point_query	uniform_1m	51	74
29606487287	point_query	prefixsum_100k	59	82
29606487287	point_query	prefixsum_1m	64	88
29606487287	point_geometry_query	uniform_100k	63	89
29606487287	point_geometry_query	uniform_1m	67	92
29606487287	point_geometry_query	prefixsum_100k	70	96
29606487287	point_geometry_query	prefixsum_1m	75	104
31214035498	pipeline	1k_lines_20_visible_overscan_0	2775	2995
31214035498	pipeline	100k_lines_80_visible_overscan_5	11552	11758
31214035498	pipeline	1m_lines_200_visible_overscan_50	37582	38198
31214035498	variable_height	1k_lines_20_visible_overscan_0	507	540
31214035498	variable_height	100k_lines_80_visible_overscan_5	1734	1791
31214035498	variable_height	1m_lines_200_visible_overscan_50	5678	5912
31214035498	variable_height_mutation	1k_lines_20_visible_overscan_0	818	849
31214035498	variable_height_mutation	100k_lines_80_visible_overscan_5	2946	3026
31214035498	variable_height_mutation	1m_lines_200_visible_overscan_50	10324	10586
31214035498	structural_mutation	1k_lines_20_visible_overscan_0	2004	2100
31214035498	structural_mutation	100k_lines_80_visible_overscan_5	8788	9712
31214035498	structural_mutation	1m_lines_200_visible_overscan_50	35817	36761
31214035498	bulk_structural_mutation	1k_lines_batch_64	6281	6542
31214035498	bulk_structural_mutation	100k_lines_batch_64	15372	16228
31214035498	bulk_structural_mutation	1m_lines_batch_64	58739	61247
31214035498	bulk_structural_mutation	100k_lines_batch_4096	167021	176327
31214035498	bulk_structural_mutation	1m_lines_batch_4096	439824	463365
31214035498	line_query	uniform_1k	23	55
31214035498	line_query	uniform_100k	34	65
31214035498	line_query	uniform_1m	40	70
31214035498	line_query	balanced_tree_100k	226	248
31214035498	line_query	balanced_tree_1m	251	262
31214035498	line_geometry_query	uniform_1k	31	59
31214035498	line_geometry_query	uniform_100k	69	96
31214035498	line_geometry_query	uniform_1m	47	86
31214035498	line_geometry_query	balanced_tree_100k	372	388
31214035498	line_geometry_query	balanced_tree_1m	431	446
31214035498	column_query	uniform_1k	23	48
31214035498	column_query	uniform_100k	34	68
31214035498	column_query	uniform_1m	42	72
31214035498	column_query	prefixsum_100k	59	104
31214035498	column_query	prefixsum_1m	79	124
31214035498	column_geometry_query	uniform_1k	32	63
31214035498	column_geometry_query	uniform_100k	43	75
31214035498	column_geometry_query	uniform_1m	48	79
31214035498	column_geometry_query	prefixsum_100k	104	133
31214035498	column_geometry_query	prefixsum_1m	81	122
31214035498	point_query	uniform_100k	114	140
31214035498	point_query	uniform_1m	83	106
31214035498	point_query	prefixsum_100k	143	180
31214035498	point_query	prefixsum_1m	166	183
31214035498	point_geometry_query	uniform_100k	127	161
31214035498	point_geometry_query	uniform_1m	128	153
31214035498	point_geometry_query	prefixsum_100k	121	150
31214035498	point_geometry_query	prefixsum_1m	143	174
31214035498	realistic_provider	100k_lines_10mb_text	12142	12407
31213525091	pipeline	1k_lines_20_visible_overscan_0	1945	2056
31213525091	pipeline	100k_lines_80_visible_overscan_5	8033	8652
31213525091	pipeline	1m_lines_200_visible_overscan_50	26136	26612
31213525091	variable_height	1k_lines_20_visible_overscan_0	583	626
31213525091	variable_height	100k_lines_80_visible_overscan_5	2145	2197
31213525091	variable_height	1m_lines_200_visible_overscan_50	7126	7254
31213525091	variable_height_mutation	1k_lines_20_visible_overscan_0	1126	1154
31213525091	variable_height_mutation	100k_lines_80_visible_overscan_5	4103	4289
31213525091	variable_height_mutation	1m_lines_200_visible_overscan_50	13640	13852
31213525091	structural_mutation	1k_lines_20_visible_overscan_0	2118	2192
31213525091	structural_mutation	100k_lines_80_visible_overscan_5	9159	9422
31213525091	structural_mutation	1m_lines_200_visible_overscan_50	44439	45243
31213525091	bulk_structural_mutation	1k_lines_batch_64	6368	6449
31213525091	bulk_structural_mutation	100k_lines_batch_64	16026	16594
31213525091	bulk_structural_mutation	1m_lines_batch_64	66594	67563
31213525091	bulk_structural_mutation	100k_lines_batch_4096	159421	170449
31213525091	bulk_structural_mutation	1m_lines_batch_4096	432812	444941
31213525091	line_query	uniform_1k	50	68
31213525091	line_query	uniform_100k	78	99
31213525091	line_query	uniform_1m	74	88
31213525091	line_query	balanced_tree_100k	152	174
31213525091	line_query	balanced_tree_1m	183	200
31213525091	line_geometry_query	uniform_1k	61	83
31213525091	line_geometry_query	uniform_100k	88	110
31213525091	line_geometry_query	uniform_1m	86	107
31213525091	line_geometry_query	balanced_tree_100k	362	380
31213525091	line_geometry_query	balanced_tree_1m	448	533
31213525091	column_query	uniform_1k	48	66
31213525091	column_query	uniform_100k	74	94
31213525091	column_query	uniform_1m	70	83
31213525091	column_query	prefixsum_100k	114	135
31213525091	column_query	prefixsum_1m	128	156
31213525091	column_geometry_query	uniform_1k	64	84
31213525091	column_geometry_query	uniform_100k	87	103
31213525091	column_geometry_query	uniform_1m	84	100
31213525091	column_geometry_query	prefixsum_100k	125	153
31213525091	column_geometry_query	prefixsum_1m	129	154
31213525091	point_query	uniform_100k	126	143
31213525091	point_query	uniform_1m	126	146
31213525091	point_query	prefixsum_100k	188	246
31213525091	point_query	prefixsum_1m	175	191
31213525091	point_geometry_query	uniform_100k	143	173
31213525091	point_geometry_query	uniform_1m	139	167
31213525091	point_geometry_query	prefixsum_100k	182	199
31213525091	point_geometry_query	prefixsum_1m	191	205
31213525091	realistic_provider	100k_lines_10mb_text	9717	10451
31213009464	pipeline	1k_lines_20_visible_overscan_0	2503	2680
31213009464	pipeline	100k_lines_80_visible_overscan_5	10391	10698
31213009464	pipeline	1m_lines_200_visible_overscan_50	33879	35053
31213009464	variable_height	1k_lines_20_visible_overscan_0	507	633
31213009464	variable_height	100k_lines_80_visible_overscan_5	1733	1795
31213009464	variable_height	1m_lines_200_visible_overscan_50	5649	5788
31213009464	variable_height_mutation	1k_lines_20_visible_overscan_0	816	852
31213009464	variable_height_mutation	100k_lines_80_visible_overscan_5	2895	2969
31213009464	variable_height_mutation	1m_lines_200_visible_overscan_50	10109	10359
31213009464	structural_mutation	1k_lines_20_visible_overscan_0	1978	2029
31213009464	structural_mutation	100k_lines_80_visible_overscan_5	8297	8490
31213009464	structural_mutation	1m_lines_200_visible_overscan_50	33124	35297
31213009464	bulk_structural_mutation	1k_lines_batch_64	6190	6394
31213009464	bulk_structural_mutation	100k_lines_batch_64	15082	15425
31213009464	bulk_structural_mutation	1m_lines_batch_64	51277	53099
31213009464	bulk_structural_mutation	100k_lines_batch_4096	164675	253424
31213009464	bulk_structural_mutation	1m_lines_batch_4096	336837	357488
31213009464	line_query	uniform_1k	23	55
31213009464	line_query	uniform_100k	34	65
31213009464	line_query	uniform_1m	39	70
31213009464	line_query	balanced_tree_100k	211	224
31213009464	line_query	balanced_tree_1m	253	272
31213009464	line_geometry_query	uniform_1k	31	63
31213009464	line_geometry_query	uniform_100k	42	73
31213009464	line_geometry_query	uniform_1m	47	79
31213009464	line_geometry_query	balanced_tree_100k	372	407
31213009464	line_geometry_query	balanced_tree_1m	425	476
31213009464	column_query	uniform_1k	23	39
31213009464	column_query	uniform_100k	34	65
31213009464	column_query	uniform_1m	39	70
31213009464	column_query	prefixsum_100k	56	93
31213009464	column_query	prefixsum_1m	109	143
31213009464	column_geometry_query	uniform_1k	32	63
31213009464	column_geometry_query	uniform_100k	42	74
31213009464	column_geometry_query	uniform_1m	48	79
31213009464	column_geometry_query	prefixsum_100k	94	123
31213009464	column_geometry_query	prefixsum_1m	84	124
31213009464	point_query	uniform_100k	91	130
31213009464	point_query	uniform_1m	95	125
31213009464	point_query	prefixsum_100k	137	159
31213009464	point_query	prefixsum_1m	162	179
31213009464	point_geometry_query	uniform_100k	135	157
31213009464	point_geometry_query	uniform_1m	132	155
31213009464	point_geometry_query	prefixsum_100k	228	251
31213009464	point_geometry_query	prefixsum_1m	195	210
31213009464	realistic_provider	100k_lines_10mb_text	12026	12497
31208003267	pipeline	1k_lines_20_visible_overscan_0	2479	2625
31208003267	pipeline	100k_lines_80_visible_overscan_5	10364	10662
31208003267	pipeline	1m_lines_200_visible_overscan_50	33815	34630
31208003267	variable_height	1k_lines_20_visible_overscan_0	563	730
31208003267	variable_height	100k_lines_80_visible_overscan_5	1735	1911
31208003267	variable_height	1m_lines_200_visible_overscan_50	6053	7034
31208003267	variable_height_mutation	1k_lines_20_visible_overscan_0	845	1098
31208003267	variable_height_mutation	100k_lines_80_visible_overscan_5	2945	3010
31208003267	variable_height_mutation	1m_lines_200_visible_overscan_50	9934	10564
31208003267	structural_mutation	1k_lines_20_visible_overscan_0	1987	2073
31208003267	structural_mutation	100k_lines_80_visible_overscan_5	8387	8546
31208003267	structural_mutation	1m_lines_200_visible_overscan_50	33028	34754
31208003267	bulk_structural_mutation	1k_lines_batch_64	6352	6557
31208003267	bulk_structural_mutation	100k_lines_batch_64	15197	15376
31208003267	bulk_structural_mutation	1m_lines_batch_64	54011	59967
31208003267	bulk_structural_mutation	100k_lines_batch_4096	162521	171248
31208003267	bulk_structural_mutation	1m_lines_batch_4096	395118	430294
31208003267	line_query	uniform_1k	23	57
31208003267	line_query	uniform_100k	34	68
31208003267	line_query	uniform_1m	39	71
31208003267	line_query	balanced_tree_100k	240	278
31208003267	line_query	balanced_tree_1m	250	259
31208003267	line_geometry_query	uniform_1k	55	77
31208003267	line_geometry_query	uniform_100k	42	74
31208003267	line_geometry_query	uniform_1m	55	81
31208003267	line_geometry_query	balanced_tree_100k	375	419
31208003267	line_geometry_query	balanced_tree_1m	426	458
31208003267	column_query	uniform_1k	23	32
31208003267	column_query	uniform_100k	34	66
31208003267	column_query	uniform_1m	39	72
31208003267	column_query	prefixsum_100k	69	103
31208003267	column_query	prefixsum_1m	70	111
31208003267	column_geometry_query	uniform_1k	32	64
31208003267	column_geometry_query	uniform_100k	42	74
31208003267	column_geometry_query	uniform_1m	48	80
31208003267	column_geometry_query	prefixsum_100k	109	139
31208003267	column_geometry_query	prefixsum_1m	79	119
31208003267	point_query	uniform_100k	90	137
31208003267	point_query	uniform_1m	85	113
31208003267	point_query	prefixsum_100k	145	205
31208003267	point_query	prefixsum_1m	167	190
31208003267	point_geometry_query	uniform_100k	115	151
31208003267	point_geometry_query	uniform_1m	106	130
31208003267	point_geometry_query	prefixsum_100k	132	156
31208003267	point_geometry_query	prefixsum_1m	155	194
31208003267	realistic_provider	100k_lines_10mb_text	12086	12263
31207266117	pipeline	1k_lines_20_visible_overscan_0	2688	2998
31207266117	pipeline	100k_lines_80_visible_overscan_5	11277	12524
31207266117	pipeline	1m_lines_200_visible_overscan_50	36677	37608
31207266117	variable_height	1k_lines_20_visible_overscan_0	513	677
31207266117	variable_height	100k_lines_80_visible_overscan_5	1695	1750
31207266117	variable_height	1m_lines_200_visible_overscan_50	5457	5558
31207266117	variable_height_mutation	1k_lines_20_visible_overscan_0	849	896
31207266117	variable_height_mutation	100k_lines_80_visible_overscan_5	3282	3353
31207266117	variable_height_mutation	1m_lines_200_visible_overscan_50	10993	11237
31207266117	structural_mutation	1k_lines_20_visible_overscan_0	2011	2131
31207266117	structural_mutation	100k_lines_80_visible_overscan_5	9285	9405
31207266117	structural_mutation	1m_lines_200_visible_overscan_50	33605	34213
31207266117	bulk_structural_mutation	1k_lines_batch_64	6393	6540
31207266117	bulk_structural_mutation	100k_lines_batch_64	16913	17092
31207266117	bulk_structural_mutation	1m_lines_batch_64	53895	57168
31207266117	bulk_structural_mutation	100k_lines_batch_4096	179465	182790
31207266117	bulk_structural_mutation	1m_lines_batch_4096	304376	310372
31207266117	line_query	uniform_1k	26	50
31207266117	line_query	uniform_100k	38	67
31207266117	line_query	uniform_1m	43	73
31207266117	line_query	balanced_tree_100k	132	165
31207266117	line_query	balanced_tree_1m	202	223
31207266117	line_geometry_query	uniform_1k	33	58
31207266117	line_geometry_query	uniform_100k	44	73
31207266117	line_geometry_query	uniform_1m	50	80
31207266117	line_geometry_query	balanced_tree_100k	250	327
31207266117	line_geometry_query	balanced_tree_1m	313	341
31207266117	column_query	uniform_1k	26	55
31207266117	column_query	uniform_100k	38	67
31207266117	column_query	uniform_1m	44	73
31207266117	column_query	prefixsum_100k	56	97
31207266117	column_query	prefixsum_1m	62	93
31207266117	column_geometry_query	uniform_1k	34	62
31207266117	column_geometry_query	uniform_100k	46	76
31207266117	column_geometry_query	uniform_1m	51	82
31207266117	column_geometry_query	prefixsum_100k	68	100
31207266117	column_geometry_query	prefixsum_1m	121	141
31207266117	point_query	uniform_100k	60	93
31207266117	point_query	uniform_1m	65	97
31207266117	point_query	prefixsum_100k	75	108
31207266117	point_query	prefixsum_1m	82	114
31207266117	point_geometry_query	uniform_100k	81	116
31207266117	point_geometry_query	uniform_1m	87	121
31207266117	point_geometry_query	prefixsum_100k	91	125
31207266117	point_geometry_query	prefixsum_1m	97	132
31207266117	realistic_provider	100k_lines_10mb_text	13161	13403
30169643578	pipeline	1k_lines_20_visible_overscan_0	2509	2741
30169643578	pipeline	100k_lines_80_visible_overscan_5	10461	11190
30169643578	pipeline	1m_lines_200_visible_overscan_50	33826	34471
30169643578	variable_height	1k_lines_20_visible_overscan_0	512	680
30169643578	variable_height	100k_lines_80_visible_overscan_5	1755	2480
30169643578	variable_height	1m_lines_200_visible_overscan_50	5893	6063
30169643578	variable_height_mutation	1k_lines_20_visible_overscan_0	819	849
30169643578	variable_height_mutation	100k_lines_80_visible_overscan_5	2988	3071
30169643578	variable_height_mutation	1m_lines_200_visible_overscan_50	10534	10852
30169643578	structural_mutation	1k_lines_20_visible_overscan_0	1984	2473
30169643578	structural_mutation	100k_lines_80_visible_overscan_5	9929	10648
30169643578	structural_mutation	1m_lines_200_visible_overscan_50	36095	36668
30169643578	bulk_structural_mutation	1k_lines_batch_64	6254	6433
30169643578	bulk_structural_mutation	100k_lines_batch_64	16514	17816
30169643578	bulk_structural_mutation	1m_lines_batch_64	59405	61253
30169643578	bulk_structural_mutation	100k_lines_batch_4096	169991	186304
30169643578	bulk_structural_mutation	1m_lines_batch_4096	439926	449793
30169643578	line_query	uniform_1k	24	54
30169643578	line_query	uniform_100k	34	65
30169643578	line_query	uniform_1m	39	70
30169643578	line_query	balanced_tree_100k	211	234
30169643578	line_query	balanced_tree_1m	255	290
30169643578	line_geometry_query	uniform_1k	31	62
30169643578	line_geometry_query	uniform_100k	41	71
30169643578	line_geometry_query	uniform_1m	46	76
30169643578	line_geometry_query	balanced_tree_100k	375	424
30169643578	line_geometry_query	balanced_tree_1m	432	481
30169643578	column_query	uniform_1k	23	54
30169643578	column_query	uniform_100k	34	65
30169643578	column_query	uniform_1m	39	70
30169643578	column_query	prefixsum_100k	61	101
30169643578	column_query	prefixsum_1m	92	122
30169643578	column_geometry_query	uniform_1k	49	65
30169643578	column_geometry_query	uniform_100k	42	73
30169643578	column_geometry_query	uniform_1m	48	79
30169643578	column_geometry_query	prefixsum_100k	105	152
30169643578	column_geometry_query	prefixsum_1m	123	158
30169643578	point_query	uniform_100k	127	142
30169643578	point_query	uniform_1m	77	103
30169643578	point_query	prefixsum_100k	138	170
30169643578	point_query	prefixsum_1m	163	186
30169643578	point_geometry_query	uniform_100k	180	192
30169643578	point_geometry_query	uniform_1m	110	139
30169643578	point_geometry_query	prefixsum_100k	127	150
30169643578	point_geometry_query	prefixsum_1m	143	165
30169643578	realistic_provider	100k_lines_10mb_text	12163	12500
30119186946	pipeline	1k_lines_20_visible_overscan_0	2542	2789
30119186946	pipeline	100k_lines_80_visible_overscan_5	10505	10952
30119186946	pipeline	1m_lines_200_visible_overscan_50	34318	35319
30119186946	variable_height	1k_lines_20_visible_overscan_0	494	686
30119186946	variable_height	100k_lines_80_visible_overscan_5	1754	1848
30119186946	variable_height	1m_lines_200_visible_overscan_50	5568	5714
30119186946	variable_height_mutation	1k_lines_20_visible_overscan_0	819	860
30119186946	variable_height_mutation	100k_lines_80_visible_overscan_5	3078	3158
30119186946	variable_height_mutation	1m_lines_200_visible_overscan_50	10139	10347
30119186946	structural_mutation	1k_lines_20_visible_overscan_0	1970	2046
30119186946	structural_mutation	100k_lines_80_visible_overscan_5	8472	8660
30119186946	structural_mutation	1m_lines_200_visible_overscan_50	35125	35590
30119186946	bulk_structural_mutation	1k_lines_batch_64	6141	6340
30119186946	bulk_structural_mutation	100k_lines_batch_64	15361	15998
30119186946	bulk_structural_mutation	1m_lines_batch_64	55735	57546
30119186946	bulk_structural_mutation	100k_lines_batch_4096	165313	168057
30119186946	bulk_structural_mutation	1m_lines_batch_4096	410056	425218
30119186946	line_query	uniform_1k	23	55
30119186946	line_query	uniform_100k	34	65
30119186946	line_query	uniform_1m	40	70
30119186946	line_query	balanced_tree_100k	244	283
30119186946	line_query	balanced_tree_1m	256	289
30119186946	line_geometry_query	uniform_1k	31	62
30119186946	line_geometry_query	uniform_100k	42	74
30119186946	line_geometry_query	uniform_1m	47	78
30119186946	line_geometry_query	balanced_tree_100k	364	415
30119186946	line_geometry_query	balanced_tree_1m	423	463
30119186946	column_query	uniform_1k	23	31
30119186946	column_query	uniform_100k	35	66
30119186946	column_query	uniform_1m	39	70
30119186946	column_query	prefixsum_100k	57	93
30119186946	column_query	prefixsum_1m	86	118
30119186946	column_geometry_query	uniform_1k	32	64
30119186946	column_geometry_query	uniform_100k	43	73
30119186946	column_geometry_query	uniform_1m	48	79
30119186946	column_geometry_query	prefixsum_100k	67	103
30119186946	column_geometry_query	prefixsum_1m	92	129
30119186946	point_query	uniform_100k	101	142
30119186946	point_query	uniform_1m	89	114
30119186946	point_query	prefixsum_100k	121	152
30119186946	point_query	prefixsum_1m	160	188
30119186946	point_geometry_query	uniform_100k	170	189
30119186946	point_geometry_query	uniform_1m	132	156
30119186946	point_geometry_query	prefixsum_100k	146	167
30119186946	point_geometry_query	prefixsum_1m	158	182
30119186946	realistic_provider	100k_lines_10mb_text	12112	12331
30084964150	pipeline	1k_lines_20_visible_overscan_0	1962	2037
30084964150	pipeline	100k_lines_80_visible_overscan_5	8064	8246
30084964150	pipeline	1m_lines_200_visible_overscan_50	26145	26503
30084964150	variable_height	1k_lines_20_visible_overscan_0	582	607
30084964150	variable_height	100k_lines_80_visible_overscan_5	2182	2224
30084964150	variable_height	1m_lines_200_visible_overscan_50	7228	7424
30084964150	variable_height_mutation	1k_lines_20_visible_overscan_0	1102	1149
30084964150	variable_height_mutation	100k_lines_80_visible_overscan_5	4209	4333
30084964150	variable_height_mutation	1m_lines_200_visible_overscan_50	13606	14205
30084964150	structural_mutation	1k_lines_20_visible_overscan_0	2145	2219
30084964150	structural_mutation	100k_lines_80_visible_overscan_5	9259	9532
30084964150	structural_mutation	1m_lines_200_visible_overscan_50	39661	40917
30084964150	bulk_structural_mutation	1k_lines_batch_64	6391	6530
30084964150	bulk_structural_mutation	100k_lines_batch_64	15822	16312
30084964150	bulk_structural_mutation	1m_lines_batch_64	60973	62292
30084964150	bulk_structural_mutation	100k_lines_batch_4096	160474	163535
30084964150	bulk_structural_mutation	1m_lines_batch_4096	362808	378457
30084964150	line_query	uniform_1k	51	66
30084964150	line_query	uniform_100k	87	97
30084964150	line_query	uniform_1m	75	88
30084964150	line_query	balanced_tree_100k	164	189
30084964150	line_query	balanced_tree_1m	188	208
30084964150	line_geometry_query	uniform_1k	61	79
30084964150	line_geometry_query	uniform_100k	93	122
30084964150	line_geometry_query	uniform_1m	90	105
30084964150	line_geometry_query	balanced_tree_100k	381	429
30084964150	line_geometry_query	balanced_tree_1m	412	432
30084964150	column_query	uniform_1k	50	67
30084964150	column_query	uniform_100k	72	88
30084964150	column_query	uniform_1m	72	86
30084964150	column_query	prefixsum_100k	166	183
30084964150	column_query	prefixsum_1m	158	174
30084964150	column_geometry_query	uniform_1k	64	80
30084964150	column_geometry_query	uniform_100k	86	103
30084964150	column_geometry_query	uniform_1m	85	104
30084964150	column_geometry_query	prefixsum_100k	125	145
30084964150	column_geometry_query	prefixsum_1m	132	154
30084964150	point_query	uniform_100k	207	223
30084964150	point_query	uniform_1m	131	155
30084964150	point_query	prefixsum_100k	164	177
30084964150	point_query	prefixsum_1m	179	192
30084964150	point_geometry_query	uniform_100k	137	158
30084964150	point_geometry_query	uniform_1m	135	148
30084964150	point_geometry_query	prefixsum_100k	179	194
30084964150	point_geometry_query	prefixsum_1m	200	214
30084964150	realistic_provider	100k_lines_10mb_text	9645	9854
30084403436	pipeline	1k_lines_20_visible_overscan_0	2555	2788
30084403436	pipeline	100k_lines_80_visible_overscan_5	10707	10909
30084403436	pipeline	1m_lines_200_visible_overscan_50	35029	35853
30084403436	variable_height	1k_lines_20_visible_overscan_0	492	521
30084403436	variable_height	100k_lines_80_visible_overscan_5	1734	1787
30084403436	variable_height	1m_lines_200_visible_overscan_50	6132	6304
30084403436	variable_height_mutation	1k_lines_20_visible_overscan_0	808	838
30084403436	variable_height_mutation	100k_lines_80_visible_overscan_5	2925	2989
30084403436	variable_height_mutation	1m_lines_200_visible_overscan_50	10187	10394
30084403436	structural_mutation	1k_lines_20_visible_overscan_0	1977	2110
30084403436	structural_mutation	100k_lines_80_visible_overscan_5	8455	8753
30084403436	structural_mutation	1m_lines_200_visible_overscan_50	34704	35637
30084403436	bulk_structural_mutation	1k_lines_batch_64	6247	6446
30084403436	bulk_structural_mutation	100k_lines_batch_64	15174	15483
30084403436	bulk_structural_mutation	1m_lines_batch_64	54081	56141
30084403436	bulk_structural_mutation	100k_lines_batch_4096	162936	165147
30084403436	bulk_structural_mutation	1m_lines_batch_4096	340942	375278
30084403436	line_query	uniform_1k	24	56
30084403436	line_query	uniform_100k	34	66
30084403436	line_query	uniform_1m	40	75
30084403436	line_query	balanced_tree_100k	203	213
30084403436	line_query	balanced_tree_1m	251	259
30084403436	line_geometry_query	uniform_1k	31	62
30084403436	line_geometry_query	uniform_100k	42	74
30084403436	line_geometry_query	uniform_1m	47	79
30084403436	line_geometry_query	balanced_tree_100k	358	373
30084403436	line_geometry_query	balanced_tree_1m	426	437
30084403436	column_query	uniform_1k	23	56
30084403436	column_query	uniform_100k	34	66
30084403436	column_query	uniform_1m	40	71
30084403436	column_query	prefixsum_100k	105	134
30084403436	column_query	prefixsum_1m	70	110
30084403436	column_geometry_query	uniform_1k	32	63
30084403436	column_geometry_query	uniform_100k	42	74
30084403436	column_geometry_query	uniform_1m	48	80
30084403436	column_geometry_query	prefixsum_100k	72	107
30084403436	column_geometry_query	prefixsum_1m	79	119
30084403436	point_query	uniform_100k	88	121
30084403436	point_query	uniform_1m	89	122
30084403436	point_query	prefixsum_100k	126	151
30084403436	point_query	prefixsum_1m	166	185
30084403436	point_geometry_query	uniform_100k	134	160
30084403436	point_geometry_query	uniform_1m	120	142
30084403436	point_geometry_query	prefixsum_100k	175	191
30084403436	point_geometry_query	prefixsum_1m	197	210
30084403436	realistic_provider	100k_lines_10mb_text	12064	12260
29990966569	pipeline	1k_lines_20_visible_overscan_0	2612	2739
29990966569	pipeline	100k_lines_80_visible_overscan_5	10749	10928
29990966569	pipeline	1m_lines_200_visible_overscan_50	35044	35876
29990966569	variable_height	1k_lines_20_visible_overscan_0	508	633
29990966569	variable_height	100k_lines_80_visible_overscan_5	1741	1831
29990966569	variable_height	1m_lines_200_visible_overscan_50	5445	5565
29990966569	variable_height_mutation	1k_lines_20_visible_overscan_0	812	856
29990966569	variable_height_mutation	100k_lines_80_visible_overscan_5	2810	2877
29990966569	variable_height_mutation	1m_lines_200_visible_overscan_50	9459	9629
29990966569	structural_mutation	1k_lines_20_visible_overscan_0	1998	2036
29990966569	structural_mutation	100k_lines_80_visible_overscan_5	8209	8348
29990966569	structural_mutation	1m_lines_200_visible_overscan_50	30672	31951
29990966569	bulk_structural_mutation	1k_lines_batch_64	6227	6413
29990966569	bulk_structural_mutation	100k_lines_batch_64	15086	15342
29990966569	bulk_structural_mutation	1m_lines_batch_64	46757	48369
29990966569	bulk_structural_mutation	100k_lines_batch_4096	163852	169150
29990966569	bulk_structural_mutation	1m_lines_batch_4096	317934	344210
29990966569	line_query	uniform_1k	23	56
29990966569	line_query	uniform_100k	34	66
29990966569	line_query	uniform_1m	39	71
29990966569	line_query	balanced_tree_100k	214	223
29990966569	line_query	balanced_tree_1m	255	265
29990966569	line_geometry_query	uniform_1k	31	66
29990966569	line_geometry_query	uniform_100k	42	78
29990966569	line_geometry_query	uniform_1m	47	79
29990966569	line_geometry_query	balanced_tree_100k	370	398
29990966569	line_geometry_query	balanced_tree_1m	421	447
29990966569	column_query	uniform_1k	24	54
29990966569	column_query	uniform_100k	35	66
29990966569	column_query	uniform_1m	40	71
29990966569	column_query	prefixsum_100k	67	103
29990966569	column_query	prefixsum_1m	74	116
29990966569	column_geometry_query	uniform_1k	33	65
29990966569	column_geometry_query	uniform_100k	43	75
29990966569	column_geometry_query	uniform_1m	49	80
29990966569	column_geometry_query	prefixsum_100k	111	137
29990966569	column_geometry_query	prefixsum_1m	124	159
29990966569	point_query	uniform_100k	86	130
29990966569	point_query	uniform_1m	81	110
29990966569	point_query	prefixsum_100k	136	158
29990966569	point_query	prefixsum_1m	168	187
29990966569	point_geometry_query	uniform_100k	116	154
29990966569	point_geometry_query	uniform_1m	118	143
29990966569	point_geometry_query	prefixsum_100k	162	184
29990966569	point_geometry_query	prefixsum_1m	199	213
29990966569	realistic_provider	100k_lines_10mb_text	11902	12033
29989902561	pipeline	1k_lines_20_visible_overscan_0	2494	2635
29989902561	pipeline	100k_lines_80_visible_overscan_5	10412	10949
29989902561	pipeline	1m_lines_200_visible_overscan_50	33959	35043
29989902561	variable_height	1k_lines_20_visible_overscan_0	505	680
29989902561	variable_height	100k_lines_80_visible_overscan_5	1784	1866
29989902561	variable_height	1m_lines_200_visible_overscan_50	5958	6238
29989902561	variable_height_mutation	1k_lines_20_visible_overscan_0	796	828
29989902561	variable_height_mutation	100k_lines_80_visible_overscan_5	2833	2956
29989902561	variable_height_mutation	1m_lines_200_visible_overscan_50	9933	11106
29989902561	structural_mutation	1k_lines_20_visible_overscan_0	2005	2844
29989902561	structural_mutation	100k_lines_80_visible_overscan_5	8166	8556
29989902561	structural_mutation	1m_lines_200_visible_overscan_50	33645	36290
29989902561	bulk_structural_mutation	1k_lines_batch_64	6108	6291
29989902561	bulk_structural_mutation	100k_lines_batch_64	15273	18883
29989902561	bulk_structural_mutation	1m_lines_batch_64	50945	54214
29989902561	bulk_structural_mutation	100k_lines_batch_4096	164292	167379
29989902561	bulk_structural_mutation	1m_lines_batch_4096	322979	349032
29989902561	line_query	uniform_1k	23	55
29989902561	line_query	uniform_100k	34	65
29989902561	line_query	uniform_1m	39	70
29989902561	line_query	balanced_tree_100k	216	247
29989902561	line_query	balanced_tree_1m	257	271
29989902561	line_geometry_query	uniform_1k	31	62
29989902561	line_geometry_query	uniform_100k	42	74
29989902561	line_geometry_query	uniform_1m	47	79
29989902561	line_geometry_query	balanced_tree_100k	378	427
29989902561	line_geometry_query	balanced_tree_1m	426	463
29989902561	column_query	uniform_1k	24	44
29989902561	column_query	uniform_100k	35	71
29989902561	column_query	uniform_1m	40	71
29989902561	column_query	prefixsum_100k	59	98
29989902561	column_query	prefixsum_1m	80	116
29989902561	column_geometry_query	uniform_1k	32	64
29989902561	column_geometry_query	uniform_100k	43	76
29989902561	column_geometry_query	uniform_1m	48	79
29989902561	column_geometry_query	prefixsum_100k	104	135
29989902561	column_geometry_query	prefixsum_1m	122	159
29989902561	point_query	uniform_100k	95	135
29989902561	point_query	uniform_1m	85	107
29989902561	point_query	prefixsum_100k	149	194
29989902561	point_query	prefixsum_1m	170	202
29989902561	point_geometry_query	uniform_100k	118	155
29989902561	point_geometry_query	uniform_1m	176	191
29989902561	point_geometry_query	prefixsum_100k	162	188
29989902561	point_geometry_query	prefixsum_1m	154	175
29989902561	realistic_provider	100k_lines_10mb_text	12475	13109
29958326817	pipeline	1k_lines_20_visible_overscan_0	2692	2810
29958326817	pipeline	100k_lines_80_visible_overscan_5	11215	11406
29958326817	pipeline	1m_lines_200_visible_overscan_50	36561	37196
29958326817	variable_height	1k_lines_20_visible_overscan_0	488	509
29958326817	variable_height	100k_lines_80_visible_overscan_5	1686	1749
29958326817	variable_height	1m_lines_200_visible_overscan_50	5455	5596
29958326817	variable_height_mutation	1k_lines_20_visible_overscan_0	856	1053
29958326817	variable_height_mutation	100k_lines_80_visible_overscan_5	3437	3525
29958326817	variable_height_mutation	1m_lines_200_visible_overscan_50	10568	10977
29958326817	structural_mutation	1k_lines_20_visible_overscan_0	2073	2139
29958326817	structural_mutation	100k_lines_80_visible_overscan_5	9628	9963
29958326817	structural_mutation	1m_lines_200_visible_overscan_50	37717	40519
29958326817	bulk_structural_mutation	1k_lines_batch_64	6623	6779
29958326817	bulk_structural_mutation	100k_lines_batch_64	17268	17680
29958326817	bulk_structural_mutation	1m_lines_batch_64	56178	57861
29958326817	bulk_structural_mutation	100k_lines_batch_4096	180598	184968
29958326817	bulk_structural_mutation	1m_lines_batch_4096	323611	338838
29958326817	line_query	uniform_1k	26	31
29958326817	line_query	uniform_100k	37	66
29958326817	line_query	uniform_1m	43	73
29958326817	line_query	balanced_tree_100k	133	166
29958326817	line_query	balanced_tree_1m	204	217
29958326817	line_geometry_query	uniform_1k	33	61
29958326817	line_geometry_query	uniform_100k	44	73
29958326817	line_geometry_query	uniform_1m	50	79
29958326817	line_geometry_query	balanced_tree_100k	248	278
29958326817	line_geometry_query	balanced_tree_1m	322	341
29958326817	column_query	uniform_1k	26	42
29958326817	column_query	uniform_100k	38	67
29958326817	column_query	uniform_1m	60	77
29958326817	column_query	prefixsum_100k	57	89
29958326817	column_query	prefixsum_1m	64	95
29958326817	column_geometry_query	uniform_1k	34	64
29958326817	column_geometry_query	uniform_100k	46	74
29958326817	column_geometry_query	uniform_1m	51	81
29958326817	column_geometry_query	prefixsum_100k	106	115
29958326817	column_geometry_query	prefixsum_1m	77	129
29958326817	point_query	uniform_100k	60	92
29958326817	point_query	uniform_1m	65	96
29958326817	point_query	prefixsum_100k	84	117
29958326817	point_query	prefixsum_1m	89	129
29958326817	point_geometry_query	uniform_100k	81	121
29958326817	point_geometry_query	uniform_1m	87	119
29958326817	point_geometry_query	prefixsum_100k	156	186
29958326817	point_geometry_query	prefixsum_1m	102	168
29958326817	realistic_provider	100k_lines_10mb_text	12821	12967
29753085265	pipeline	1k_lines_20_visible_overscan_0	2739	3735
29753085265	pipeline	100k_lines_80_visible_overscan_5	11257	11711
29753085265	pipeline	1m_lines_200_visible_overscan_50	36765	38896
29753085265	variable_height	1k_lines_20_visible_overscan_0	458	499
29753085265	variable_height	100k_lines_80_visible_overscan_5	1694	1749
29753085265	variable_height	1m_lines_200_visible_overscan_50	5512	5851
29753085265	variable_height_mutation	1k_lines_20_visible_overscan_0	823	849
29753085265	variable_height_mutation	100k_lines_80_visible_overscan_5	3080	3171
29753085265	variable_height_mutation	1m_lines_200_visible_overscan_50	10578	10879
29753085265	structural_mutation	1k_lines_20_visible_overscan_0	2021	2467
29753085265	structural_mutation	100k_lines_80_visible_overscan_5	9157	9930
29753085265	structural_mutation	1m_lines_200_visible_overscan_50	42989	45835
29753085265	bulk_structural_mutation	1k_lines_batch_64	6549	6996
29753085265	bulk_structural_mutation	100k_lines_batch_64	17203	18935
29753085265	bulk_structural_mutation	1m_lines_batch_64	71222	75552
29753085265	bulk_structural_mutation	100k_lines_batch_4096	184419	222651
29753085265	bulk_structural_mutation	1m_lines_batch_4096	395686	419336
29753085265	line_query	uniform_1k	26	31
29753085265	line_query	uniform_100k	38	67
29753085265	line_query	uniform_1m	43	73
29753085265	line_query	balanced_tree_100k	144	180
29753085265	line_query	balanced_tree_1m	195	217
29753085265	line_geometry_query	uniform_1k	33	58
29753085265	line_geometry_query	uniform_100k	45	75
29753085265	line_geometry_query	uniform_1m	50	81
29753085265	line_geometry_query	balanced_tree_100k	241	296
29753085265	line_geometry_query	balanced_tree_1m	306	332
29753085265	column_query	uniform_1k	26	38
29753085265	column_query	uniform_100k	38	68
29753085265	column_query	uniform_1m	44	74
29753085265	column_query	prefixsum_100k	56	87
29753085265	column_query	prefixsum_1m	62	93
29753085265	column_geometry_query	uniform_1k	35	65
29753085265	column_geometry_query	uniform_100k	46	76
29753085265	column_geometry_query	uniform_1m	51	81
29753085265	column_geometry_query	prefixsum_100k	66	101
29753085265	column_geometry_query	prefixsum_1m	73	106
29753085265	point_query	uniform_100k	60	92
29753085265	point_query	uniform_1m	66	97
29753085265	point_query	prefixsum_100k	76	108
29753085265	point_query	prefixsum_1m	82	115
29753085265	point_geometry_query	uniform_100k	80	115
29753085265	point_geometry_query	uniform_1m	86	119
29753085265	point_geometry_query	prefixsum_100k	91	124
29753085265	point_geometry_query	prefixsum_1m	97	131
29753085265	realistic_provider	100k_lines_10mb_text	13127	14001
29751576859	pipeline	1k_lines_20_visible_overscan_0	2495	2677
29751576859	pipeline	100k_lines_80_visible_overscan_5	10436	10808
29751576859	pipeline	1m_lines_200_visible_overscan_50	33981	34958
29751576859	variable_height	1k_lines_20_visible_overscan_0	485	517
29751576859	variable_height	100k_lines_80_visible_overscan_5	1735	1822
29751576859	variable_height	1m_lines_200_visible_overscan_50	5959	6073
29751576859	variable_height_mutation	1k_lines_20_visible_overscan_0	778	809
29751576859	variable_height_mutation	100k_lines_80_visible_overscan_5	2810	2903
29751576859	variable_height_mutation	1m_lines_200_visible_overscan_50	10201	10475
29751576859	structural_mutation	1k_lines_20_visible_overscan_0	1976	2051
29751576859	structural_mutation	100k_lines_80_visible_overscan_5	9420	9894
29751576859	structural_mutation	1m_lines_200_visible_overscan_50	37595	38138
29751576859	bulk_structural_mutation	1k_lines_batch_64	6310	6574
29751576859	bulk_structural_mutation	100k_lines_batch_64	18817	22158
29751576859	bulk_structural_mutation	1m_lines_batch_64	60786	62310
29751576859	bulk_structural_mutation	100k_lines_batch_4096	170204	175804
29751576859	bulk_structural_mutation	1m_lines_batch_4096	425633	435750
29751576859	line_query	uniform_1k	23	39
29751576859	line_query	uniform_100k	34	66
29751576859	line_query	uniform_1m	39	70
29751576859	line_query	balanced_tree_100k	207	219
29751576859	line_query	balanced_tree_1m	254	261
29751576859	line_geometry_query	uniform_1k	31	63
29751576859	line_geometry_query	uniform_100k	42	73
29751576859	line_geometry_query	uniform_1m	47	78
29751576859	line_geometry_query	balanced_tree_100k	369	389
29751576859	line_geometry_query	balanced_tree_1m	421	453
29751576859	column_query	uniform_1k	24	56
29751576859	column_query	uniform_100k	35	66
29751576859	column_query	uniform_1m	40	71
29751576859	column_query	prefixsum_100k	61	99
29751576859	column_query	prefixsum_1m	73	112
29751576859	column_geometry_query	uniform_1k	32	63
29751576859	column_geometry_query	uniform_100k	43	75
29751576859	column_geometry_query	uniform_1m	48	79
29751576859	column_geometry_query	prefixsum_100k	101	131
29751576859	column_geometry_query	prefixsum_1m	120	155
29751576859	point_query	uniform_100k	96	129
29751576859	point_query	uniform_1m	85	110
29751576859	point_query	prefixsum_100k	111	138
29751576859	point_query	prefixsum_1m	125	152
29751576859	point_geometry_query	uniform_100k	122	152
29751576859	point_geometry_query	uniform_1m	123	145
29751576859	point_geometry_query	prefixsum_100k	138	162
29751576859	point_geometry_query	prefixsum_1m	202	237
29751576859	realistic_provider	100k_lines_10mb_text	12169	12421
29750898846	pipeline	1k_lines_20_visible_overscan_0	2741	3196
29750898846	pipeline	100k_lines_80_visible_overscan_5	11394	12674
29750898846	pipeline	1m_lines_200_visible_overscan_50	37068	40758
29750898846	variable_height	1k_lines_20_visible_overscan_0	489	507
29750898846	variable_height	100k_lines_80_visible_overscan_5	1693	1807
29750898846	variable_height	1m_lines_200_visible_overscan_50	5441	5617
29750898846	variable_height_mutation	1k_lines_20_visible_overscan_0	832	865
29750898846	variable_height_mutation	100k_lines_80_visible_overscan_5	3256	3645
29750898846	variable_height_mutation	1m_lines_200_visible_overscan_50	10471	11414
29750898846	structural_mutation	1k_lines_20_visible_overscan_0	1987	2038
29750898846	structural_mutation	100k_lines_80_visible_overscan_5	9144	9380
29750898846	structural_mutation	1m_lines_200_visible_overscan_50	38415	41443
29750898846	bulk_structural_mutation	1k_lines_batch_64	6603	6739
29750898846	bulk_structural_mutation	100k_lines_batch_64	17207	17680
29750898846	bulk_structural_mutation	1m_lines_batch_64	67414	71030
29750898846	bulk_structural_mutation	100k_lines_batch_4096	185713	190792
29750898846	bulk_structural_mutation	1m_lines_batch_4096	359127	409614
29750898846	line_query	uniform_1k	26	31
29750898846	line_query	uniform_100k	37	66
29750898846	line_query	uniform_1m	43	73
29750898846	line_query	balanced_tree_100k	129	162
29750898846	line_query	balanced_tree_1m	199	216
29750898846	line_geometry_query	uniform_1k	33	62
29750898846	line_geometry_query	uniform_100k	44	74
29750898846	line_geometry_query	uniform_1m	50	80
29750898846	line_geometry_query	balanced_tree_100k	240	284
29750898846	line_geometry_query	balanced_tree_1m	314	352
29750898846	column_query	uniform_1k	26	38
29750898846	column_query	uniform_100k	38	68
29750898846	column_query	uniform_1m	57	75
29750898846	column_query	prefixsum_100k	57	94
29750898846	column_query	prefixsum_1m	63	96
29750898846	column_geometry_query	uniform_1k	34	60
29750898846	column_geometry_query	uniform_100k	46	76
29750898846	column_geometry_query	uniform_1m	68	83
29750898846	column_geometry_query	prefixsum_100k	67	102
29750898846	column_geometry_query	prefixsum_1m	74	107
29750898846	point_query	uniform_100k	60	95
29750898846	point_query	uniform_1m	66	98
29750898846	point_query	prefixsum_100k	76	118
29750898846	point_query	prefixsum_1m	80	115
29750898846	point_geometry_query	uniform_100k	81	115
29750898846	point_geometry_query	uniform_1m	133	172
29750898846	point_geometry_query	prefixsum_100k	92	154
29750898846	point_geometry_query	prefixsum_1m	98	137
29750898846	realistic_provider	100k_lines_10mb_text	12949	13160
29727064661	pipeline	1k_lines_20_visible_overscan_0	2545	2728
29727064661	pipeline	100k_lines_80_visible_overscan_5	10595	10804
29727064661	pipeline	1m_lines_200_visible_overscan_50	34421	35761
29727064661	variable_height	1k_lines_20_visible_overscan_0	504	645
29727064661	variable_height	100k_lines_80_visible_overscan_5	1732	1803
29727064661	variable_height	1m_lines_200_visible_overscan_50	5764	5904
29727064661	variable_height_mutation	1k_lines_20_visible_overscan_0	808	1031
29727064661	variable_height_mutation	100k_lines_80_visible_overscan_5	2796	2869
29727064661	variable_height_mutation	1m_lines_200_visible_overscan_50	10044	10328
29727064661	structural_mutation	1k_lines_20_visible_overscan_0	2175	3117
29727064661	structural_mutation	100k_lines_80_visible_overscan_5	9668	10525
29727064661	structural_mutation	1m_lines_200_visible_overscan_50	39284	40203
29727064661	bulk_structural_mutation	1k_lines_batch_64	6291	6626
29727064661	bulk_structural_mutation	100k_lines_batch_64	17037	18692
29727064661	bulk_structural_mutation	1m_lines_batch_64	59960	63119
29727064661	bulk_structural_mutation	100k_lines_batch_4096	182940	192001
29727064661	bulk_structural_mutation	1m_lines_batch_4096	436455	457017
29727064661	line_query	uniform_1k	23	54
29727064661	line_query	uniform_100k	34	66
29727064661	line_query	uniform_1m	40	71
29727064661	line_query	balanced_tree_100k	208	232
29727064661	line_query	balanced_tree_1m	253	270
29727064661	line_geometry_query	uniform_1k	31	63
29727064661	line_geometry_query	uniform_100k	42	73
29727064661	line_geometry_query	uniform_1m	47	78
29727064661	line_geometry_query	balanced_tree_100k	370	401
29727064661	line_geometry_query	balanced_tree_1m	423	456
29727064661	column_query	uniform_1k	24	58
29727064661	column_query	uniform_100k	40	72
29727064661	column_query	uniform_1m	40	71
29727064661	column_query	prefixsum_100k	72	113
29727064661	column_query	prefixsum_1m	109	248
29727064661	column_geometry_query	uniform_1k	32	64
29727064661	column_geometry_query	uniform_100k	42	74
29727064661	column_geometry_query	uniform_1m	48	79
29727064661	column_geometry_query	prefixsum_100k	99	130
29727064661	column_geometry_query	prefixsum_1m	86	133
29727064661	point_query	uniform_100k	99	131
29727064661	point_query	uniform_1m	99	127
29727064661	point_query	prefixsum_100k	115	143
29727064661	point_query	prefixsum_1m	130	164
29727064661	point_geometry_query	uniform_100k	123	159
29727064661	point_geometry_query	uniform_1m	133	155
29727064661	point_geometry_query	prefixsum_100k	143	184
29727064661	point_geometry_query	prefixsum_1m	144	173
29727064661	realistic_provider	100k_lines_10mb_text	12076	12422
29704646269	pipeline	1k_lines_20_visible_overscan_0	2497	2684
29704646269	pipeline	100k_lines_80_visible_overscan_5	10485	10721
29704646269	pipeline	1m_lines_200_visible_overscan_50	34128	40879
29704646269	variable_height	1k_lines_20_visible_overscan_0	480	583
29704646269	variable_height	100k_lines_80_visible_overscan_5	1732	1909
29704646269	variable_height	1m_lines_200_visible_overscan_50	6144	8650
29704646269	variable_height_mutation	1k_lines_20_visible_overscan_0	790	820
29704646269	variable_height_mutation	100k_lines_80_visible_overscan_5	2805	2874
29704646269	variable_height_mutation	1m_lines_200_visible_overscan_50	10177	10377
29704646269	structural_mutation	1k_lines_20_visible_overscan_0	1942	2004
29704646269	structural_mutation	100k_lines_80_visible_overscan_5	8353	8520
29704646269	structural_mutation	1m_lines_200_visible_overscan_50	34014	34753
29704646269	bulk_structural_mutation	1k_lines_batch_64	6318	6460
29704646269	bulk_structural_mutation	100k_lines_batch_64	15692	16167
29704646269	bulk_structural_mutation	1m_lines_batch_64	49283	50780
29704646269	bulk_structural_mutation	100k_lines_batch_4096	163975	167950
29704646269	bulk_structural_mutation	1m_lines_batch_4096	367633	396934
29704646269	line_query	uniform_1k	23	53
29704646269	line_query	uniform_100k	34	64
29704646269	line_query	uniform_1m	40	70
29704646269	line_query	balanced_tree_100k	210	238
29704646269	line_query	balanced_tree_1m	253	282
29704646269	line_geometry_query	uniform_1k	31	62
29704646269	line_geometry_query	uniform_100k	42	73
29704646269	line_geometry_query	uniform_1m	48	80
29704646269	line_geometry_query	balanced_tree_100k	430	571
29704646269	line_geometry_query	balanced_tree_1m	422	449
29704646269	column_query	uniform_1k	24	55
29704646269	column_query	uniform_100k	35	67
29704646269	column_query	uniform_1m	40	70
29704646269	column_query	prefixsum_100k	64	99
29704646269	column_query	prefixsum_1m	92	122
29704646269	column_geometry_query	uniform_1k	32	63
29704646269	column_geometry_query	uniform_100k	42	74
29704646269	column_geometry_query	uniform_1m	48	79
29704646269	column_geometry_query	prefixsum_100k	102	131
29704646269	column_geometry_query	prefixsum_1m	140	167
29704646269	point_query	uniform_100k	94	133
29704646269	point_query	uniform_1m	107	135
29704646269	point_query	prefixsum_100k	112	141
29704646269	point_query	prefixsum_1m	121	147
29704646269	point_geometry_query	uniform_100k	142	171
29704646269	point_geometry_query	uniform_1m	111	132
29704646269	point_geometry_query	prefixsum_100k	173	188
29704646269	point_geometry_query	prefixsum_1m	154	177
29704646269	realistic_provider	100k_lines_10mb_text	12277	12428
29702677268	pipeline	1k_lines_20_visible_overscan_0	2519	2677
29702677268	pipeline	100k_lines_80_visible_overscan_5	10481	10915
29702677268	pipeline	1m_lines_200_visible_overscan_50	34100	34697
29702677268	variable_height	1k_lines_20_visible_overscan_0	537	715
29702677268	variable_height	100k_lines_80_visible_overscan_5	1729	1793
29702677268	variable_height	1m_lines_200_visible_overscan_50	5414	5518
29702677268	variable_height_mutation	1k_lines_20_visible_overscan_0	811	1138
29702677268	variable_height_mutation	100k_lines_80_visible_overscan_5	2796	2885
29702677268	variable_height_mutation	1m_lines_200_visible_overscan_50	9489	9697
29702677268	structural_mutation	1k_lines_20_visible_overscan_0	1954	2035
29702677268	structural_mutation	100k_lines_80_visible_overscan_5	8386	9146
29702677268	structural_mutation	1m_lines_200_visible_overscan_50	32667	34305
29702677268	bulk_structural_mutation	1k_lines_batch_64	6121	6373
29702677268	bulk_structural_mutation	100k_lines_batch_64	15691	18401
29702677268	bulk_structural_mutation	1m_lines_batch_64	54952	57375
29702677268	bulk_structural_mutation	100k_lines_batch_4096	166576	183764
29702677268	bulk_structural_mutation	1m_lines_batch_4096	417144	443406
29702677268	line_query	uniform_1k	23	54
29702677268	line_query	uniform_100k	34	66
29702677268	line_query	uniform_1m	40	71
29702677268	line_query	balanced_tree_100k	225	247
29702677268	line_query	balanced_tree_1m	252	264
29702677268	line_geometry_query	uniform_1k	31	63
29702677268	line_geometry_query	uniform_100k	42	73
29702677268	line_geometry_query	uniform_1m	47	79
29702677268	line_geometry_query	balanced_tree_100k	373	403
29702677268	line_geometry_query	balanced_tree_1m	427	442
29702677268	column_query	uniform_1k	24	54
29702677268	column_query	uniform_100k	35	71
29702677268	column_query	uniform_1m	40	71
29702677268	column_query	prefixsum_100k	81	116
29702677268	column_query	prefixsum_1m	102	131
29702677268	column_geometry_query	uniform_1k	32	65
29702677268	column_geometry_query	uniform_100k	42	74
29702677268	column_geometry_query	uniform_1m	48	80
29702677268	column_geometry_query	prefixsum_100k	102	134
29702677268	column_geometry_query	prefixsum_1m	164	211
29702677268	point_query	uniform_100k	94	128
29702677268	point_query	uniform_1m	87	114
29702677268	point_query	prefixsum_100k	114	146
29702677268	point_query	prefixsum_1m	129	166
29702677268	point_geometry_query	uniform_100k	122	155
29702677268	point_geometry_query	uniform_1m	182	189
29702677268	point_geometry_query	prefixsum_100k	168	190
29702677268	point_geometry_query	prefixsum_1m	200	216
29702677268	realistic_provider	100k_lines_10mb_text	12586	13042
29701773264	pipeline	1k_lines_20_visible_overscan_0	2682	3104
29701773264	pipeline	100k_lines_80_visible_overscan_5	11217	11797
29701773264	pipeline	1m_lines_200_visible_overscan_50	36672	39304
29701773264	variable_height	1k_lines_20_visible_overscan_0	517	738
29701773264	variable_height	100k_lines_80_visible_overscan_5	1698	1764
29701773264	variable_height	1m_lines_200_visible_overscan_50	5537	5734
29701773264	variable_height_mutation	1k_lines_20_visible_overscan_0	850	901
29701773264	variable_height_mutation	100k_lines_80_visible_overscan_5	3162	4030
29701773264	variable_height_mutation	1m_lines_200_visible_overscan_50	10872	11172
29701773264	structural_mutation	1k_lines_20_visible_overscan_0	2034	2496
29701773264	structural_mutation	100k_lines_80_visible_overscan_5	10092	11553
29701773264	structural_mutation	1m_lines_200_visible_overscan_50	42000	43506
29701773264	bulk_structural_mutation	1k_lines_batch_64	6525	6647
29701773264	bulk_structural_mutation	100k_lines_batch_64	17362	17902
29701773264	bulk_structural_mutation	1m_lines_batch_64	68416	70045
29701773264	bulk_structural_mutation	100k_lines_batch_4096	187420	195860
29701773264	bulk_structural_mutation	1m_lines_batch_4096	402190	418690
29701773264	line_query	uniform_1k	26	36
29701773264	line_query	uniform_100k	55	91
29701773264	line_query	uniform_1m	43	73
29701773264	line_query	balanced_tree_100k	132	163
29701773264	line_query	balanced_tree_1m	203	219
29701773264	line_geometry_query	uniform_1k	33	60
29701773264	line_geometry_query	uniform_100k	44	74
29701773264	line_geometry_query	uniform_1m	50	80
29701773264	line_geometry_query	balanced_tree_100k	239	293
29701773264	line_geometry_query	balanced_tree_1m	322	378
29701773264	column_query	uniform_1k	26	33
29701773264	column_query	uniform_100k	38	67
29701773264	column_query	uniform_1m	44	73
29701773264	column_query	prefixsum_100k	55	85
29701773264	column_query	prefixsum_1m	62	94
29701773264	column_geometry_query	uniform_1k	34	62
29701773264	column_geometry_query	uniform_100k	68	80
29701773264	column_geometry_query	uniform_1m	52	82
29701773264	column_geometry_query	prefixsum_100k	66	100
29701773264	column_geometry_query	prefixsum_1m	74	120
29701773264	point_query	uniform_100k	60	93
29701773264	point_query	uniform_1m	66	97
29701773264	point_query	prefixsum_100k	75	108
29701773264	point_query	prefixsum_1m	82	114
29701773264	point_geometry_query	uniform_100k	81	121
29701773264	point_geometry_query	uniform_1m	87	123
29701773264	point_geometry_query	prefixsum_100k	91	128
29701773264	point_geometry_query	prefixsum_1m	98	130
29701773264	realistic_provider	100k_lines_10mb_text	13009	15622
29701547123	pipeline	1k_lines_20_visible_overscan_0	2500	2673
29701547123	pipeline	100k_lines_80_visible_overscan_5	10452	10660
29701547123	pipeline	1m_lines_200_visible_overscan_50	34025	35300
29701547123	variable_height	1k_lines_20_visible_overscan_0	509	634
29701547123	variable_height	100k_lines_80_visible_overscan_5	1762	1859
29701547123	variable_height	1m_lines_200_visible_overscan_50	5435	5548
29701547123	variable_height_mutation	1k_lines_20_visible_overscan_0	785	819
29701547123	variable_height_mutation	100k_lines_80_visible_overscan_5	2792	2861
29701547123	variable_height_mutation	1m_lines_200_visible_overscan_50	9961	10203
29701547123	structural_mutation	1k_lines_20_visible_overscan_0	1950	2020
29701547123	structural_mutation	100k_lines_80_visible_overscan_5	8622	8735
29701547123	structural_mutation	1m_lines_200_visible_overscan_50	31815	33196
29701547123	bulk_structural_mutation	1k_lines_batch_64	6076	6206
29701547123	bulk_structural_mutation	100k_lines_batch_64	15471	16173
29701547123	bulk_structural_mutation	1m_lines_batch_64	50535	53017
29701547123	bulk_structural_mutation	100k_lines_batch_4096	166511	214229
29701547123	bulk_structural_mutation	1m_lines_batch_4096	342338	360086
29701547123	line_query	uniform_1k	27	58
29701547123	line_query	uniform_100k	34	65
29701547123	line_query	uniform_1m	41	71
29701547123	line_query	balanced_tree_100k	207	222
29701547123	line_query	balanced_tree_1m	249	262
29701547123	line_geometry_query	uniform_1k	31	64
29701547123	line_geometry_query	uniform_100k	42	74
29701547123	line_geometry_query	uniform_1m	47	79
29701547123	line_geometry_query	balanced_tree_100k	369	385
29701547123	line_geometry_query	balanced_tree_1m	422	444
29701547123	column_query	uniform_1k	24	67
29701547123	column_query	uniform_100k	35	67
29701547123	column_query	uniform_1m	40	72
29701547123	column_query	prefixsum_100k	66	108
29701547123	column_query	prefixsum_1m	71	110
29701547123	column_geometry_query	uniform_1k	32	65
29701547123	column_geometry_query	uniform_100k	42	74
29701547123	column_geometry_query	uniform_1m	48	79
29701547123	column_geometry_query	prefixsum_100k	108	141
29701547123	column_geometry_query	prefixsum_1m	81	126
29701547123	point_query	uniform_100k	97	135
29701547123	point_query	uniform_1m	97	121
29701547123	point_query	prefixsum_100k	102	128
29701547123	point_query	prefixsum_1m	131	158
29701547123	point_geometry_query	uniform_100k	137	160
29701547123	point_geometry_query	uniform_1m	133	153
29701547123	point_geometry_query	prefixsum_100k	144	172
29701547123	point_geometry_query	prefixsum_1m	172	208
29701547123	realistic_provider	100k_lines_10mb_text	12430	12871
29701333581	pipeline	1k_lines_20_visible_overscan_0	2530	2690
29701333581	pipeline	100k_lines_80_visible_overscan_5	10476	10850
29701333581	pipeline	1m_lines_200_visible_overscan_50	34102	34565
29701333581	variable_height	1k_lines_20_visible_overscan_0	507	520
29701333581	variable_height	100k_lines_80_visible_overscan_5	1741	1803
29701333581	variable_height	1m_lines_200_visible_overscan_50	5471	5634
29701333581	variable_height_mutation	1k_lines_20_visible_overscan_0	799	1168
29701333581	variable_height_mutation	100k_lines_80_visible_overscan_5	2787	2862
29701333581	variable_height_mutation	1m_lines_200_visible_overscan_50	9971	12137
29701333581	structural_mutation	1k_lines_20_visible_overscan_0	1934	2030
29701333581	structural_mutation	100k_lines_80_visible_overscan_5	8863	9244
29701333581	structural_mutation	1m_lines_200_visible_overscan_50	35700	36541
29701333581	bulk_structural_mutation	1k_lines_batch_64	6148	6722
29701333581	bulk_structural_mutation	100k_lines_batch_64	15268	15629
29701333581	bulk_structural_mutation	1m_lines_batch_64	53537	55900
29701333581	bulk_structural_mutation	100k_lines_batch_4096	166756	172379
29701333581	bulk_structural_mutation	1m_lines_batch_4096	398853	413679
29701333581	line_query	uniform_1k	23	40
29701333581	line_query	uniform_100k	34	65
29701333581	line_query	uniform_1m	39	70
29701333581	line_query	balanced_tree_100k	210	222
29701333581	line_query	balanced_tree_1m	254	269
29701333581	line_geometry_query	uniform_1k	31	62
29701333581	line_geometry_query	uniform_100k	42	73
29701333581	line_geometry_query	uniform_1m	53	82
29701333581	line_geometry_query	balanced_tree_100k	372	403
29701333581	line_geometry_query	balanced_tree_1m	420	453
29701333581	column_query	uniform_1k	24	56
29701333581	column_query	uniform_100k	35	66
29701333581	column_query	uniform_1m	40	71
29701333581	column_query	prefixsum_100k	58	94
29701333581	column_query	prefixsum_1m	71	112
29701333581	column_geometry_query	uniform_1k	32	63
29701333581	column_geometry_query	uniform_100k	42	75
29701333581	column_geometry_query	uniform_1m	48	79
29701333581	column_geometry_query	prefixsum_100k	110	134
29701333581	column_geometry_query	prefixsum_1m	125	157
29701333581	point_query	uniform_100k	95	130
29701333581	point_query	uniform_1m	99	126
29701333581	point_query	prefixsum_100k	116	150
29701333581	point_query	prefixsum_1m	123	151
29701333581	point_geometry_query	uniform_100k	121	152
29701333581	point_geometry_query	uniform_1m	112	137
29701333581	point_geometry_query	prefixsum_100k	130	153
29701333581	point_geometry_query	prefixsum_1m	158	177
29701333581	realistic_provider	100k_lines_10mb_text	12103	12326
29701110835	pipeline	1k_lines_20_visible_overscan_0	2508	2661
29701110835	pipeline	100k_lines_80_visible_overscan_5	10482	10772
29701110835	pipeline	1m_lines_200_visible_overscan_50	33983	34947
29701110835	variable_height	1k_lines_20_visible_overscan_0	667	746
29701110835	variable_height	100k_lines_80_visible_overscan_5	1741	1837
29701110835	variable_height	1m_lines_200_visible_overscan_50	6171	6309
29701110835	variable_height_mutation	1k_lines_20_visible_overscan_0	787	840
29701110835	variable_height_mutation	100k_lines_80_visible_overscan_5	2821	2922
29701110835	variable_height_mutation	1m_lines_200_visible_overscan_50	10307	10512
29701110835	structural_mutation	1k_lines_20_visible_overscan_0	1959	2042
29701110835	structural_mutation	100k_lines_80_visible_overscan_5	10648	11800
29701110835	structural_mutation	1m_lines_200_visible_overscan_50	35681	37374
29701110835	bulk_structural_mutation	1k_lines_batch_64	6285	6420
29701110835	bulk_structural_mutation	100k_lines_batch_64	16908	18973
29701110835	bulk_structural_mutation	1m_lines_batch_64	56181	58245
29701110835	bulk_structural_mutation	100k_lines_batch_4096	199302	233229
29701110835	bulk_structural_mutation	1m_lines_batch_4096	456342	477283
29701110835	line_query	uniform_1k	23	43
29701110835	line_query	uniform_100k	47	78
29701110835	line_query	uniform_1m	39	72
29701110835	line_query	balanced_tree_100k	208	242
29701110835	line_query	balanced_tree_1m	254	275
29701110835	line_geometry_query	uniform_1k	31	63
29701110835	line_geometry_query	uniform_100k	42	74
29701110835	line_geometry_query	uniform_1m	47	78
29701110835	line_geometry_query	balanced_tree_100k	373	397
29701110835	line_geometry_query	balanced_tree_1m	429	460
29701110835	column_query	uniform_1k	24	55
29701110835	column_query	uniform_100k	35	68
29701110835	column_query	uniform_1m	40	71
29701110835	column_query	prefixsum_100k	61	101
29701110835	column_query	prefixsum_1m	107	146
29701110835	column_geometry_query	uniform_1k	32	66
29701110835	column_geometry_query	uniform_100k	42	74
29701110835	column_geometry_query	uniform_1m	48	79
29701110835	column_geometry_query	prefixsum_100k	72	118
29701110835	column_geometry_query	prefixsum_1m	120	158
29701110835	point_query	uniform_100k	98	131
29701110835	point_query	uniform_1m	89	115
29701110835	point_query	prefixsum_100k	104	128
29701110835	point_query	prefixsum_1m	121	153
29701110835	point_geometry_query	uniform_100k	122	161
29701110835	point_geometry_query	uniform_1m	112	134
29701110835	point_geometry_query	prefixsum_100k	134	160
29701110835	point_geometry_query	prefixsum_1m	172	205
29701110835	realistic_provider	100k_lines_10mb_text	11955	12145
29694705807	pipeline	1k_lines_20_visible_overscan_0	2697	2906
29694705807	pipeline	100k_lines_80_visible_overscan_5	11301	11603
29694705807	pipeline	1m_lines_200_visible_overscan_50	36865	37932
29694705807	variable_height	1k_lines_20_visible_overscan_0	461	602
29694705807	variable_height	100k_lines_80_visible_overscan_5	1726	1849
29694705807	variable_height	1m_lines_200_visible_overscan_50	6090	6253
29694705807	variable_height_mutation	1k_lines_20_visible_overscan_0	841	872
29694705807	variable_height_mutation	100k_lines_80_visible_overscan_5	3090	3180
29694705807	variable_height_mutation	1m_lines_200_visible_overscan_50	10874	11003
29694705807	structural_mutation	1k_lines_20_visible_overscan_0	2016	2320
29694705807	structural_mutation	100k_lines_80_visible_overscan_5	9433	10323
29694705807	structural_mutation	1m_lines_200_visible_overscan_50	47688	49695
29694705807	bulk_structural_mutation	1k_lines_batch_64	6642	7208
29694705807	bulk_structural_mutation	100k_lines_batch_64	21109	22715
29694705807	bulk_structural_mutation	1m_lines_batch_64	78714	82924
29694705807	bulk_structural_mutation	100k_lines_batch_4096	201388	220157
29694705807	bulk_structural_mutation	1m_lines_batch_4096	500636	507416
29694705807	line_query	uniform_1k	26	35
29694705807	line_query	uniform_100k	37	66
29694705807	line_query	uniform_1m	43	72
29694705807	line_query	balanced_tree_100k	132	165
29694705807	line_query	balanced_tree_1m	183	211
29694705807	line_geometry_query	uniform_1k	33	51
29694705807	line_geometry_query	uniform_100k	44	73
29694705807	line_geometry_query	uniform_1m	50	79
29694705807	line_geometry_query	balanced_tree_100k	237	270
29694705807	line_geometry_query	balanced_tree_1m	313	366
29694705807	column_query	uniform_1k	26	38
29694705807	column_query	uniform_100k	38	67
29694705807	column_query	uniform_1m	44	73
29694705807	column_query	prefixsum_100k	56	86
29694705807	column_query	prefixsum_1m	61	92
29694705807	column_geometry_query	uniform_1k	34	65
29694705807	column_geometry_query	uniform_100k	46	75
29694705807	column_geometry_query	uniform_1m	51	81
29694705807	column_geometry_query	prefixsum_100k	66	97
29694705807	column_geometry_query	prefixsum_1m	73	106
29694705807	point_query	uniform_100k	60	91
29694705807	point_query	uniform_1m	66	97
29694705807	point_query	prefixsum_100k	74	110
29694705807	point_query	prefixsum_1m	80	120
29694705807	point_geometry_query	uniform_100k	80	116
29694705807	point_geometry_query	uniform_1m	86	118
29694705807	point_geometry_query	prefixsum_100k	90	123
29694705807	point_geometry_query	prefixsum_1m	96	128
29694705807	realistic_provider	100k_lines_10mb_text	13079	13445
29692848870	pipeline	1k_lines_20_visible_overscan_0	2715	2977
29692848870	pipeline	100k_lines_80_visible_overscan_5	11346	11577
29692848870	pipeline	1m_lines_200_visible_overscan_50	37017	37925
29692848870	variable_height	1k_lines_20_visible_overscan_0	460	506
29692848870	variable_height	100k_lines_80_visible_overscan_5	1697	1762
29692848870	variable_height	1m_lines_200_visible_overscan_50	5460	5576
29692848870	variable_height_mutation	1k_lines_20_visible_overscan_0	842	876
29692848870	variable_height_mutation	100k_lines_80_visible_overscan_5	3161	3283
29692848870	variable_height_mutation	1m_lines_200_visible_overscan_50	10362	10874
29692848870	structural_mutation	1k_lines_20_visible_overscan_0	1990	2035
29692848870	structural_mutation	100k_lines_80_visible_overscan_5	8893	9041
29692848870	structural_mutation	1m_lines_200_visible_overscan_50	38463	41090
29692848870	bulk_structural_mutation	1k_lines_batch_64	6618	7542
29692848870	bulk_structural_mutation	100k_lines_batch_64	17084	17553
29692848870	bulk_structural_mutation	1m_lines_batch_64	69835	72261
29692848870	bulk_structural_mutation	100k_lines_batch_4096	186907	195921
29692848870	bulk_structural_mutation	1m_lines_batch_4096	391013	430458
29692848870	line_query	uniform_1k	26	36
29692848870	line_query	uniform_100k	37	66
29692848870	line_query	uniform_1m	43	72
29692848870	line_query	balanced_tree_100k	132	168
29692848870	line_query	balanced_tree_1m	204	216
29692848870	line_geometry_query	uniform_1k	33	52
29692848870	line_geometry_query	uniform_100k	44	74
29692848870	line_geometry_query	uniform_1m	50	80
29692848870	line_geometry_query	balanced_tree_100k	248	276
29692848870	line_geometry_query	balanced_tree_1m	316	335
29692848870	column_query	uniform_1k	26	36
29692848870	column_query	uniform_100k	38	67
29692848870	column_query	uniform_1m	44	74
29692848870	column_query	prefixsum_100k	54	86
29692848870	column_query	prefixsum_1m	62	99
29692848870	column_geometry_query	uniform_1k	34	64
29692848870	column_geometry_query	uniform_100k	46	75
29692848870	column_geometry_query	uniform_1m	52	82
29692848870	column_geometry_query	prefixsum_100k	66	99
29692848870	column_geometry_query	prefixsum_1m	74	121
29692848870	point_query	uniform_100k	60	101
29692848870	point_query	uniform_1m	66	97
29692848870	point_query	prefixsum_100k	75	108
29692848870	point_query	prefixsum_1m	79	113
29692848870	point_geometry_query	uniform_100k	80	115
29692848870	point_geometry_query	uniform_1m	86	118
29692848870	point_geometry_query	prefixsum_100k	91	122
29692848870	point_geometry_query	prefixsum_1m	97	132
29692848870	realistic_provider	100k_lines_10mb_text	13157	13462
29680120202	pipeline	1k_lines_20_visible_overscan_0	2505	2794
29680120202	pipeline	100k_lines_80_visible_overscan_5	10441	10619
29680120202	pipeline	1m_lines_200_visible_overscan_50	34051	35043
29680120202	variable_height	1k_lines_20_visible_overscan_0	501	510
29680120202	variable_height	100k_lines_80_visible_overscan_5	1729	1785
29680120202	variable_height	1m_lines_200_visible_overscan_50	5419	5548
29680120202	variable_height_mutation	1k_lines_20_visible_overscan_0	793	824
29680120202	variable_height_mutation	100k_lines_80_visible_overscan_5	2861	2929
29680120202	variable_height_mutation	1m_lines_200_visible_overscan_50	9778	9952
29680120202	structural_mutation	1k_lines_20_visible_overscan_0	1943	2019
29680120202	structural_mutation	100k_lines_80_visible_overscan_5	8328	8468
29680120202	structural_mutation	1m_lines_200_visible_overscan_50	30590	31914
29680120202	bulk_structural_mutation	1k_lines_batch_64	6090	6259
29680120202	bulk_structural_mutation	100k_lines_batch_64	15106	15313
29680120202	bulk_structural_mutation	1m_lines_batch_64	45954	49202
29680120202	bulk_structural_mutation	100k_lines_batch_4096	163247	169959
29680120202	bulk_structural_mutation	1m_lines_batch_4096	318409	339551
29680120202	line_query	uniform_1k	23	53
29680120202	line_query	uniform_100k	34	65
29680120202	line_query	uniform_1m	39	70
29680120202	line_query	balanced_tree_100k	206	213
29680120202	line_query	balanced_tree_1m	252	262
29680120202	line_geometry_query	uniform_1k	31	62
29680120202	line_geometry_query	uniform_100k	42	72
29680120202	line_geometry_query	uniform_1m	47	78
29680120202	line_geometry_query	balanced_tree_100k	410	442
29680120202	line_geometry_query	balanced_tree_1m	421	437
29680120202	column_query	uniform_1k	24	54
29680120202	column_query	uniform_100k	35	67
29680120202	column_query	uniform_1m	40	71
29680120202	column_query	prefixsum_100k	73	101
29680120202	column_query	prefixsum_1m	72	113
29680120202	column_geometry_query	uniform_1k	32	65
29680120202	column_geometry_query	uniform_100k	42	74
29680120202	column_geometry_query	uniform_1m	48	79
29680120202	column_geometry_query	prefixsum_100k	107	134
29680120202	column_geometry_query	prefixsum_1m	132	160
29680120202	point_query	uniform_100k	106	137
29680120202	point_query	uniform_1m	87	112
29680120202	point_query	prefixsum_100k	132	162
29680120202	point_query	prefixsum_1m	119	172
29680120202	point_geometry_query	uniform_100k	132	162
29680120202	point_geometry_query	uniform_1m	125	152
29680120202	point_geometry_query	prefixsum_100k	164	188
29680120202	point_geometry_query	prefixsum_1m	152	179
29679693875	pipeline	1k_lines_20_visible_overscan_0	2502	2696
29679693875	pipeline	100k_lines_80_visible_overscan_5	10538	10787
29679693875	pipeline	1m_lines_200_visible_overscan_50	34210	34911
29679693875	variable_height	1k_lines_20_visible_overscan_0	490	695
29679693875	variable_height	100k_lines_80_visible_overscan_5	1736	1851
29679693875	variable_height	1m_lines_200_visible_overscan_50	5459	5884
29679693875	variable_height_mutation	1k_lines_20_visible_overscan_0	814	1161
29679693875	variable_height_mutation	100k_lines_80_visible_overscan_5	2802	2875
29679693875	variable_height_mutation	1m_lines_200_visible_overscan_50	9685	9904
29679693875	structural_mutation	1k_lines_20_visible_overscan_0	1961	2022
29679693875	structural_mutation	100k_lines_80_visible_overscan_5	8307	8553
29679693875	structural_mutation	1m_lines_200_visible_overscan_50	34671	35892
29679693875	bulk_structural_mutation	1k_lines_batch_64	6271	6499
29679693875	bulk_structural_mutation	100k_lines_batch_64	15364	16385
29679693875	bulk_structural_mutation	1m_lines_batch_64	57185	59421
29679693875	bulk_structural_mutation	100k_lines_batch_4096	166730	169627
29679693875	bulk_structural_mutation	1m_lines_batch_4096	384490	405471
29679693875	line_query	uniform_1k	23	54
29679693875	line_query	uniform_100k	38	68
29679693875	line_query	uniform_1m	42	71
29679693875	line_query	balanced_tree_100k	210	250
29679693875	line_query	balanced_tree_1m	254	266
29679693875	line_geometry_query	uniform_1k	31	63
29679693875	line_geometry_query	uniform_100k	42	73
29679693875	line_geometry_query	uniform_1m	47	79
29679693875	line_geometry_query	balanced_tree_100k	367	396
29679693875	line_geometry_query	balanced_tree_1m	420	446
29679693875	column_query	uniform_1k	24	61
29679693875	column_query	uniform_100k	35	67
29679693875	column_query	uniform_1m	40	71
29679693875	column_query	prefixsum_100k	83	113
29679693875	column_query	prefixsum_1m	72	112
29679693875	column_geometry_query	uniform_1k	32	64
29679693875	column_geometry_query	uniform_100k	63	94
29679693875	column_geometry_query	uniform_1m	48	79
29679693875	column_geometry_query	prefixsum_100k	81	141
29679693875	column_geometry_query	prefixsum_1m	136	174
29679693875	point_query	uniform_100k	95	137
29679693875	point_query	uniform_1m	85	110
29679693875	point_query	prefixsum_100k	117	146
29679693875	point_query	prefixsum_1m	143	210
29679693875	point_geometry_query	uniform_100k	132	160
29679693875	point_geometry_query	uniform_1m	112	136
29679693875	point_geometry_query	prefixsum_100k	139	163
29679693875	point_geometry_query	prefixsum_1m	143	167
29679693875	realistic_provider	100k_lines_10mb_text	12129	12315
29679693875	realistic_provider	100k_lines_10mb_text	12179	12572
29679693875	realistic_provider	100k_lines_10mb_text	12133	12287
29679693875	realistic_provider	100k_lines_10mb_text	12121	12423
29679693875	realistic_provider	100k_lines_10mb_text	11996	12195
29679693875	realistic_provider	100k_lines_10mb_text	12147	12331
29679693875	realistic_provider	100k_lines_10mb_text	12361	12544
29679693875	realistic_provider	100k_lines_10mb_text	12084	12244
29661132399	pipeline	1k_lines_20_visible_overscan_0	2079	2164
29661132399	pipeline	100k_lines_80_visible_overscan_5	8699	8964
29661132399	pipeline	1m_lines_200_visible_overscan_50	28417	28958
29661132399	variable_height	1k_lines_20_visible_overscan_0	404	444
29661132399	variable_height	100k_lines_80_visible_overscan_5	1393	1439
29661132399	variable_height	1m_lines_200_visible_overscan_50	4553	4680
29661132399	variable_height_mutation	1k_lines_20_visible_overscan_0	649	676
29661132399	variable_height_mutation	100k_lines_80_visible_overscan_5	2412	2493
29661132399	variable_height_mutation	1m_lines_200_visible_overscan_50	8462	8686
29661132399	structural_mutation	1k_lines_20_visible_overscan_0	1569	1605
29661132399	structural_mutation	100k_lines_80_visible_overscan_5	7350	8218
29661132399	structural_mutation	1m_lines_200_visible_overscan_50	35603	37821
29661132399	bulk_structural_mutation	1k_lines_batch_64	5091	5150
29661132399	bulk_structural_mutation	100k_lines_batch_64	13250	13607
29661132399	bulk_structural_mutation	1m_lines_batch_64	60324	62887
29661132399	bulk_structural_mutation	100k_lines_batch_4096	153384	184918
29661132399	bulk_structural_mutation	1m_lines_batch_4096	382874	413826
29661132399	line_query	uniform_1k	20	31
29661132399	line_query	uniform_100k	29	35
29661132399	line_query	uniform_1m	33	52
29661132399	line_query	balanced_tree_100k	99	125
29661132399	line_query	balanced_tree_1m	144	168
29661132399	line_geometry_query	uniform_1k	25	42
29661132399	line_geometry_query	uniform_100k	34	57
29661132399	line_geometry_query	uniform_1m	39	62
29661132399	line_geometry_query	balanced_tree_100k	187	226
29661132399	line_geometry_query	balanced_tree_1m	250	274
29661132399	column_query	uniform_1k	31	40
29661132399	column_query	uniform_100k	34	47
29661132399	column_query	uniform_1m	34	58
29661132399	column_query	prefixsum_100k	47	76
29661132399	column_query	prefixsum_1m	48	76
29661132399	column_geometry_query	uniform_1k	26	33
29661132399	column_geometry_query	uniform_100k	35	58
29661132399	column_geometry_query	uniform_1m	40	62
29661132399	column_geometry_query	prefixsum_100k	51	77
29661132399	column_geometry_query	prefixsum_1m	57	101
29661132399	point_query	uniform_100k	46	74
29661132399	point_query	uniform_1m	51	75
29661132399	point_query	prefixsum_100k	59	83
29661132399	point_query	prefixsum_1m	63	89
29661132399	point_geometry_query	uniform_100k	63	88
29661132399	point_geometry_query	uniform_1m	103	107
29661132399	point_geometry_query	prefixsum_100k	117	127
29661132399	point_geometry_query	prefixsum_1m	75	106
29660672085	pipeline	1k_lines_20_visible_overscan_0	2519	2631
29660672085	pipeline	100k_lines_80_visible_overscan_5	10479	10749
29660672085	pipeline	1m_lines_200_visible_overscan_50	34231	34788
29660672085	variable_height	1k_lines_20_visible_overscan_0	510	555
29660672085	variable_height	100k_lines_80_visible_overscan_5	1742	1828
29660672085	variable_height	1m_lines_200_visible_overscan_50	5919	6076
29660672085	variable_height_mutation	1k_lines_20_visible_overscan_0	792	822
29660672085	variable_height_mutation	100k_lines_80_visible_overscan_5	2814	2887
29660672085	variable_height_mutation	1m_lines_200_visible_overscan_50	10598	10779
29660672085	structural_mutation	1k_lines_20_visible_overscan_0	1989	2032
29660672085	structural_mutation	100k_lines_80_visible_overscan_5	8932	9422
29660672085	structural_mutation	1m_lines_200_visible_overscan_50	36759	37506
29660672085	bulk_structural_mutation	1k_lines_batch_64	6402	6700
29660672085	bulk_structural_mutation	100k_lines_batch_64	16560	17399
29660672085	bulk_structural_mutation	1m_lines_batch_64	62664	65383
29660672085	bulk_structural_mutation	100k_lines_batch_4096	183562	193783
29660672085	bulk_structural_mutation	1m_lines_batch_4096	409793	446150
29660672085	line_query	uniform_1k	23	54
29660672085	line_query	uniform_100k	34	65
29660672085	line_query	uniform_1m	39	70
29660672085	line_query	balanced_tree_100k	203	224
29660672085	line_query	balanced_tree_1m	253	262
29660672085	line_geometry_query	uniform_1k	31	62
29660672085	line_geometry_query	uniform_100k	42	73
29660672085	line_geometry_query	uniform_1m	47	78
29660672085	line_geometry_query	balanced_tree_100k	376	434
29660672085	line_geometry_query	balanced_tree_1m	422	441
29660672085	column_query	uniform_1k	24	55
29660672085	column_query	uniform_100k	35	65
29660672085	column_query	uniform_1m	40	72
29660672085	column_query	prefixsum_100k	60	102
29660672085	column_query	prefixsum_1m	81	116
29660672085	column_geometry_query	uniform_1k	32	62
29660672085	column_geometry_query	uniform_100k	43	73
29660672085	column_geometry_query	uniform_1m	48	78
29660672085	column_geometry_query	prefixsum_100k	107	131
29660672085	column_geometry_query	prefixsum_1m	121	157
29660672085	point_query	uniform_100k	95	133
29660672085	point_query	uniform_1m	87	112
29660672085	point_query	prefixsum_100k	107	140
29660672085	point_query	prefixsum_1m	121	156
29660672085	point_geometry_query	uniform_100k	126	156
29660672085	point_geometry_query	uniform_1m	118	141
29660672085	point_geometry_query	prefixsum_100k	151	182
29660672085	point_geometry_query	prefixsum_1m	137	163
29660672085	realistic_provider	100k_lines_10mb_text	12132	12362
29660672085	realistic_provider	100k_lines_10mb_text	12315	12450
29660672085	realistic_provider	100k_lines_10mb_text	12222	12409
29660672085	realistic_provider	100k_lines_10mb_text	12067	12275
29660672085	realistic_provider	100k_lines_10mb_text	12067	12314
29660672085	realistic_provider	100k_lines_10mb_text	12088	12285
29660672085	realistic_provider	100k_lines_10mb_text	12116	12300
29660672085	realistic_provider	100k_lines_10mb_text	12113	12285
29652529080	pipeline	1k_lines_20_visible_overscan_0	2490	2664
29652529080	pipeline	100k_lines_80_visible_overscan_5	10422	10744
29652529080	pipeline	1m_lines_200_visible_overscan_50	33997	34873
29652529080	variable_height	1k_lines_20_visible_overscan_0	498	561
29652529080	variable_height	100k_lines_80_visible_overscan_5	1767	1829
29652529080	variable_height	1m_lines_200_visible_overscan_50	5538	5708
29652529080	variable_height_mutation	1k_lines_20_visible_overscan_0	782	815
29652529080	variable_height_mutation	100k_lines_80_visible_overscan_5	2803	2875
29652529080	variable_height_mutation	1m_lines_200_visible_overscan_50	9588	9832
29652529080	structural_mutation	1k_lines_20_visible_overscan_0	1954	2029
29652529080	structural_mutation	100k_lines_80_visible_overscan_5	8272	8427
29652529080	structural_mutation	1m_lines_200_visible_overscan_50	35328	36296
29652529080	bulk_structural_mutation	1k_lines_batch_64	6280	6467
29652529080	bulk_structural_mutation	100k_lines_batch_64	15410	15659
29652529080	bulk_structural_mutation	1m_lines_batch_64	57426	58912
29652529080	bulk_structural_mutation	100k_lines_batch_4096	168575	172739
29652529080	bulk_structural_mutation	1m_lines_batch_4096	415247	433609
29652529080	line_query	uniform_1k	23	55
29652529080	line_query	uniform_100k	34	67
29652529080	line_query	uniform_1m	39	70
29652529080	line_query	balanced_tree_100k	209	226
29652529080	line_query	balanced_tree_1m	254	291
29652529080	line_geometry_query	uniform_1k	31	62
29652529080	line_geometry_query	uniform_100k	42	72
29652529080	line_geometry_query	uniform_1m	47	78
29652529080	line_geometry_query	balanced_tree_100k	369	397
29652529080	line_geometry_query	balanced_tree_1m	426	468
29652529080	column_query	uniform_1k	24	55
29652529080	column_query	uniform_100k	35	69
29652529080	column_query	uniform_1m	40	71
29652529080	column_query	prefixsum_100k	63	97
29652529080	column_query	prefixsum_1m	99	129
29652529080	column_geometry_query	uniform_1k	32	62
29652529080	column_geometry_query	uniform_100k	43	74
29652529080	column_geometry_query	uniform_1m	48	79
29652529080	column_geometry_query	prefixsum_100k	106	136
29652529080	column_geometry_query	prefixsum_1m	146	175
29652529080	point_query	uniform_100k	93	127
29652529080	point_query	uniform_1m	86	109
29652529080	point_query	prefixsum_100k	134	160
29652529080	point_query	prefixsum_1m	171	197
29652529080	point_geometry_query	uniform_100k	122	150
29652529080	point_geometry_query	uniform_1m	124	147
29652529080	point_geometry_query	prefixsum_100k	134	164
29652529080	point_geometry_query	prefixsum_1m	146	172
29648059739	pipeline	1k_lines_20_visible_overscan_0	1889	1975
29648059739	pipeline	100k_lines_80_visible_overscan_5	7898	8694
29648059739	pipeline	1m_lines_200_visible_overscan_50	25936	26839
29648059739	variable_height	1k_lines_20_visible_overscan_0	564	621
29648059739	variable_height	100k_lines_80_visible_overscan_5	2150	2195
29648059739	variable_height	1m_lines_200_visible_overscan_50	7023	7660
29648059739	variable_height_mutation	1k_lines_20_visible_overscan_0	1069	1123
29648059739	variable_height_mutation	100k_lines_80_visible_overscan_5	4172	4439
29648059739	variable_height_mutation	1m_lines_200_visible_overscan_50	13214	13918
29648059739	structural_mutation	1k_lines_20_visible_overscan_0	2104	2216
29648059739	structural_mutation	100k_lines_80_visible_overscan_5	9010	9515
29648059739	structural_mutation	1m_lines_200_visible_overscan_50	39244	41456
29648059739	bulk_structural_mutation	1k_lines_batch_64	6211	6338
29648059739	bulk_structural_mutation	100k_lines_batch_64	15587	15848
29648059739	bulk_structural_mutation	1m_lines_batch_64	62856	65060
29648059739	bulk_structural_mutation	100k_lines_batch_4096	156950	192627
29648059739	bulk_structural_mutation	1m_lines_batch_4096	354601	372831
29648059739	line_query	uniform_1k	63	81
29648059739	line_query	uniform_100k	107	135
29648059739	line_query	uniform_1m	118	140
29648059739	line_query	balanced_tree_100k	153	175
29648059739	line_query	balanced_tree_1m	191	243
29648059739	line_geometry_query	uniform_1k	68	88
29648059739	line_geometry_query	uniform_100k	110	133
29648059739	line_geometry_query	uniform_1m	134	153
29648059739	line_geometry_query	balanced_tree_100k	350	374
29648059739	line_geometry_query	balanced_tree_1m	402	427
29648059739	column_query	uniform_1k	61	78
29648059739	column_query	uniform_100k	103	122
29648059739	column_query	uniform_1m	112	133
29648059739	column_query	prefixsum_100k	117	139
29648059739	column_query	prefixsum_1m	119	144
29648059739	column_geometry_query	uniform_1k	73	91
29648059739	column_geometry_query	uniform_100k	104	125
29648059739	column_geometry_query	uniform_1m	125	143
29648059739	column_geometry_query	prefixsum_100k	124	145
29648059739	column_geometry_query	prefixsum_1m	142	154
29648059739	point_query	uniform_100k	166	193
29648059739	point_query	uniform_1m	189	209
29648059739	point_query	prefixsum_100k	167	182
29648059739	point_query	prefixsum_1m	189	206
29648059739	point_geometry_query	uniform_100k	170	190
29648059739	point_geometry_query	uniform_1m	192	207
29648059739	point_geometry_query	prefixsum_100k	185	203
29648059739	point_geometry_query	prefixsum_1m	252	328
29648059739	realistic_provider	100k_lines_10mb_text	9471	9998
29648059739	realistic_provider	100k_lines_10mb_text	9559	9703
29648059739	realistic_provider	100k_lines_10mb_text	9478	9787
29648059739	realistic_provider	100k_lines_10mb_text	9580	10331
29648059739	realistic_provider	100k_lines_10mb_text	9454	9879
29648059739	realistic_provider	100k_lines_10mb_text	9585	11120
29648059739	realistic_provider	100k_lines_10mb_text	9729	11280
29648059739	realistic_provider	100k_lines_10mb_text	9617	10572
29634768501	pipeline	1k_lines_20_visible_overscan_0	2535	2764
29634768501	pipeline	100k_lines_80_visible_overscan_5	10538	10732
29634768501	pipeline	1m_lines_200_visible_overscan_50	34152	34919
29634768501	variable_height	1k_lines_20_visible_overscan_0	516	544
29634768501	variable_height	100k_lines_80_visible_overscan_5	1868	1928
29634768501	variable_height	1m_lines_200_visible_overscan_50	5870	6140
29634768501	variable_height_mutation	1k_lines_20_visible_overscan_0	788	820
29634768501	variable_height_mutation	100k_lines_80_visible_overscan_5	2819	2891
29634768501	variable_height_mutation	1m_lines_200_visible_overscan_50	9610	9923
29634768501	structural_mutation	1k_lines_20_visible_overscan_0	1957	2003
29634768501	structural_mutation	100k_lines_80_visible_overscan_5	8411	8696
29634768501	structural_mutation	1m_lines_200_visible_overscan_50	43156	45925
29634768501	bulk_structural_mutation	1k_lines_batch_64	6350	7186
29634768501	bulk_structural_mutation	100k_lines_batch_64	15439	16068
29634768501	bulk_structural_mutation	1m_lines_batch_64	66490	70133
29634768501	bulk_structural_mutation	100k_lines_batch_4096	167814	172288
29634768501	bulk_structural_mutation	1m_lines_batch_4096	512163	563218
29634768501	line_query	uniform_1k	24	54
29634768501	line_query	uniform_100k	34	67
29634768501	line_query	uniform_1m	39	70
29634768501	line_query	balanced_tree_100k	208	229
29634768501	line_query	balanced_tree_1m	254	293
29634768501	line_geometry_query	uniform_1k	31	62
29634768501	line_geometry_query	uniform_100k	42	73
29634768501	line_geometry_query	uniform_1m	48	79
29634768501	line_geometry_query	balanced_tree_100k	373	405
29634768501	line_geometry_query	balanced_tree_1m	425	471
29634768501	column_query	uniform_1k	24	55
29634768501	column_query	uniform_100k	35	66
29634768501	column_query	uniform_1m	40	71
29634768501	column_query	prefixsum_100k	63	101
29634768501	column_query	prefixsum_1m	90	122
29634768501	column_geometry_query	uniform_1k	32	63
29634768501	column_geometry_query	uniform_100k	43	74
29634768501	column_geometry_query	uniform_1m	48	79
29634768501	column_geometry_query	prefixsum_100k	104	133
29634768501	column_geometry_query	prefixsum_1m	138	169
29634768501	point_query	uniform_100k	103	137
29634768501	point_query	uniform_1m	100	124
29634768501	point_query	prefixsum_100k	134	158
29634768501	point_query	prefixsum_1m	171	188
29634768501	point_geometry_query	uniform_100k	121	153
29634768501	point_geometry_query	uniform_1m	112	136
29634768501	point_geometry_query	prefixsum_100k	164	200
29634768501	point_geometry_query	prefixsum_1m	142	169
29634227651	pipeline	1k_lines_20_visible_overscan_0	2541	2761
29634227651	pipeline	100k_lines_80_visible_overscan_5	10656	10881
29634227651	pipeline	1m_lines_200_visible_overscan_50	34710	35379
29634227651	variable_height	1k_lines_20_visible_overscan_0	510	522
29634227651	variable_height	100k_lines_80_visible_overscan_5	1740	1830
29634227651	variable_height	1m_lines_200_visible_overscan_50	5500	5653
29634227651	variable_height_mutation	1k_lines_20_visible_overscan_0	804	834
29634227651	variable_height_mutation	100k_lines_80_visible_overscan_5	2815	2885
29634227651	variable_height_mutation	1m_lines_200_visible_overscan_50	9664	9984
29634227651	structural_mutation	1k_lines_20_visible_overscan_0	1948	2017
29634227651	structural_mutation	100k_lines_80_visible_overscan_5	8271	8423
29634227651	structural_mutation	1m_lines_200_visible_overscan_50	33657	34922
29634227651	bulk_structural_mutation	1k_lines_batch_64	6469	6914
29634227651	bulk_structural_mutation	100k_lines_batch_64	15850	16282
29634227651	bulk_structural_mutation	1m_lines_batch_64	53950	55713
29634227651	bulk_structural_mutation	100k_lines_batch_4096	167315	172385
29634227651	bulk_structural_mutation	1m_lines_batch_4096	388588	409019
29634227651	line_query	uniform_1k	24	57
29634227651	line_query	uniform_100k	34	65
29634227651	line_query	uniform_1m	40	71
29634227651	line_query	balanced_tree_100k	207	218
29634227651	line_query	balanced_tree_1m	252	283
29634227651	line_geometry_query	uniform_1k	31	61
29634227651	line_geometry_query	uniform_100k	42	73
29634227651	line_geometry_query	uniform_1m	47	78
29634227651	line_geometry_query	balanced_tree_100k	364	373
29634227651	line_geometry_query	balanced_tree_1m	428	476
29634227651	column_query	uniform_1k	24	53
29634227651	column_query	uniform_100k	35	70
29634227651	column_query	uniform_1m	40	71
29634227651	column_query	prefixsum_100k	64	96
29634227651	column_query	prefixsum_1m	82	117
29634227651	column_geometry_query	uniform_1k	32	63
29634227651	column_geometry_query	uniform_100k	43	73
29634227651	column_geometry_query	uniform_1m	48	80
29634227651	column_geometry_query	prefixsum_100k	100	129
29634227651	column_geometry_query	prefixsum_1m	142	170
29634227651	point_query	uniform_100k	100	136
29634227651	point_query	uniform_1m	87	122
29634227651	point_query	prefixsum_100k	140	168
29634227651	point_query	prefixsum_1m	164	179
29634227651	point_geometry_query	uniform_100k	143	172
29634227651	point_geometry_query	uniform_1m	125	151
29634227651	point_geometry_query	prefixsum_100k	171	190
29634227651	point_geometry_query	prefixsum_1m	199	214
29634227651	realistic_provider	100k_lines_10mb_text	12078	12293
29634227651	realistic_provider	100k_lines_10mb_text	12317	12577
29634227651	realistic_provider	100k_lines_10mb_text	12084	12249
29634227651	realistic_provider	100k_lines_10mb_text	12060	12402
29634227651	realistic_provider	100k_lines_10mb_text	12003	12207
29634227651	realistic_provider	100k_lines_10mb_text	12162	12386
29634227651	realistic_provider	100k_lines_10mb_text	12482	12679
29634227651	realistic_provider	100k_lines_10mb_text	12372	12570
29579314733	pipeline	1k_lines_20_visible_overscan_0	2525	2644
29579314733	pipeline	100k_lines_80_visible_overscan_5	10511	10723
29579314733	pipeline	1m_lines_200_visible_overscan_50	34232	35379
29579314733	variable_height	1k_lines_20_visible_overscan_0	496	532
29579314733	variable_height	100k_lines_80_visible_overscan_5	1749	1811
29579314733	variable_height	1m_lines_200_visible_overscan_50	5467	5591
29579314733	variable_height_mutation	1k_lines_20_visible_overscan_0	801	832
29579314733	variable_height_mutation	100k_lines_80_visible_overscan_5	2813	2883
29579314733	variable_height_mutation	1m_lines_200_visible_overscan_50	9599	9782
29579314733	structural_mutation	1k_lines_20_visible_overscan_0	1940	2001
29579314733	structural_mutation	100k_lines_80_visible_overscan_5	8310	8426
29579314733	structural_mutation	1m_lines_200_visible_overscan_50	32960	34213
29579314733	bulk_structural_mutation	1k_lines_batch_64	6203	6383
29579314733	bulk_structural_mutation	100k_lines_batch_64	15228	15400
29579314733	bulk_structural_mutation	1m_lines_batch_64	50911	53261
29579314733	bulk_structural_mutation	100k_lines_batch_4096	165335	169357
29579314733	bulk_structural_mutation	1m_lines_batch_4096	343391	362050
29579314733	line_query	uniform_1k	24	55
29579314733	line_query	uniform_100k	34	66
29579314733	line_query	uniform_1m	40	70
29579314733	line_query	balanced_tree_100k	233	267
29579314733	line_query	balanced_tree_1m	253	275
29579314733	line_geometry_query	uniform_1k	31	58
29579314733	line_geometry_query	uniform_100k	42	73
29579314733	line_geometry_query	uniform_1m	47	78
29579314733	line_geometry_query	balanced_tree_100k	368	389
29579314733	line_geometry_query	balanced_tree_1m	421	450
29579314733	column_query	uniform_1k	24	55
29579314733	column_query	uniform_100k	43	80
29579314733	column_query	uniform_1m	41	74
29579314733	column_query	prefixsum_100k	65	97
29579314733	column_query	prefixsum_1m	83	118
29579314733	column_geometry_query	uniform_1k	32	64
29579314733	column_geometry_query	uniform_100k	43	74
29579314733	column_geometry_query	uniform_1m	53	81
29579314733	column_geometry_query	prefixsum_100k	132	168
29579314733	column_geometry_query	prefixsum_1m	140	165
29579314733	point_query	uniform_100k	95	135
29579314733	point_query	uniform_1m	110	138
29579314733	point_query	prefixsum_100k	127	153
29579314733	point_query	prefixsum_1m	176	204
29579314733	point_geometry_query	uniform_100k	117	146
29579314733	point_geometry_query	uniform_1m	128	156
29579314733	point_geometry_query	prefixsum_100k	136	166
29579314733	point_geometry_query	prefixsum_1m	200	235
29579314733	realistic_provider	100k_lines_10mb_text	12125	12379
29579314733	realistic_provider	100k_lines_10mb_text	12161	12624
29579314733	realistic_provider	100k_lines_10mb_text	12179	14268
29579314733	realistic_provider	100k_lines_10mb_text	12258	13094
29579314733	realistic_provider	100k_lines_10mb_text	12213	13059
29579314733	realistic_provider	100k_lines_10mb_text	12197	12676
29579314733	realistic_provider	100k_lines_10mb_text	12183	13873
29579314733	realistic_provider	100k_lines_10mb_text	12208	12379
